start_timestamp,charging_sessions,energy_kwh,avg_session_energy_kwh,total_cost,date,day_of_week,day_of_week_num,week,month,month_name,quarter,year,is_weekend
2022-01-01,94,5024.4,53.45106382978723,2522.63,2022-01-01,Saturday,5,52,1,January,1,2022,1
2022-01-02,80,3861.3,48.26625,1982.62,2022-01-02,Sunday,6,52,1,January,1,2022,1
2022-01-03,123,6250.3,50.81544715447155,3203.87,2022-01-03,Monday,0,1,1,January,1,2022,0
2022-01-04,116,5620.4,48.45172413793103,2873.93,2022-01-04,Tuesday,1,1,1,January,1,2022,0
2022-01-05,126,6104.1,48.445238095238096,3116.46,2022-01-05,Wednesday,2,1,1,January,1,2022,0
2022-01-06,122,6041.6,49.52131147540984,3091.83,2022-01-06,Thursday,3,1,1,January,1,2022,0
2022-01-07,121,6105.7,50.4603305785124,3132.92,2022-01-07,Friday,4,1,1,January,1,2022,0
2022-01-08,79,3593.9,45.49240506329114,1819.26,2022-01-08,Saturday,5,1,1,January,1,2022,1
2022-01-09,80,3934.2,49.177499999999995,2014.83,2022-01-09,Sunday,6,1,1,January,1,2022,1
2022-01-10,130,6425.7,49.428461538461534,3300.36,2022-01-10,Monday,0,2,1,January,1,2022,0
2022-01-11,124,5964.1,48.097580645161294,3020.06,2022-01-11,Tuesday,1,2,1,January,1,2022,0
2022-01-12,123,6020.5,48.947154471544714,3103.75,2022-01-12,Wednesday,2,2,1,January,1,2022,0
2022-01-13,114,5646.3,49.52894736842106,2862.19,2022-01-13,Thursday,3,2,1,January,1,2022,0
2022-01-14,118,5889.6,49.911864406779664,2974.81,2022-01-14,Friday,4,2,1,January,1,2022,0
2022-01-15,96,4750.1,49.48020833333334,2403.73,2022-01-15,Saturday,5,2,1,January,1,2022,1
2022-01-16,82,3958.0,48.26829268292683,2012.9,2022-01-16,Sunday,6,2,1,January,1,2022,1
2022-01-17,130,6381.0,49.08461538461538,3262.67,2022-01-17,Monday,0,3,1,January,1,2022,0
2022-01-18,118,5765.6,48.86101694915254,2942.99,2022-01-18,Tuesday,1,3,1,January,1,2022,0
2022-01-19,113,5561.2,49.2141592920354,2818.62,2022-01-19,Wednesday,2,3,1,January,1,2022,0
2022-01-20,123,6144.7,49.95691056910569,3149.07,2022-01-20,Thursday,3,3,1,January,1,2022,0
2022-01-21,125,6132.4,49.0592,3143.53,2022-01-21,Friday,4,3,1,January,1,2022,0
2022-01-22,99,4743.7,47.91616161616162,2472.3,2022-01-22,Saturday,5,3,1,January,1,2022,1
2022-01-23,91,4522.5,49.6978021978022,2281.14,2022-01-23,Sunday,6,3,1,January,1,2022,1
2022-01-24,125,5805.2,46.4416,2933.64,2022-01-24,Monday,0,4,1,January,1,2022,0
2022-01-25,109,5031.9,46.164220183486236,2587.83,2022-01-25,Tuesday,1,4,1,January,1,2022,0
2022-01-26,116,5906.0,50.91379310344828,3014.81,2022-01-26,Wednesday,2,4,1,January,1,2022,0
2022-01-27,106,5342.8,50.403773584905665,2763.85,2022-01-27,Thursday,3,4,1,January,1,2022,0
2022-01-28,131,6416.0,48.97709923664122,3298.86,2022-01-28,Friday,4,4,1,January,1,2022,0
2022-01-29,90,4704.1,52.26777777777778,2416.09,2022-01-29,Saturday,5,4,1,January,1,2022,1
2022-01-30,78,3790.9,48.601282051282055,1946.67,2022-01-30,Sunday,6,4,1,January,1,2022,1
2022-01-31,112,5728.1,51.143750000000004,2951.96,2022-01-31,Monday,0,5,1,January,1,2022,0
2022-02-01,121,6167.4,50.970247933884295,3163.94,2022-02-01,Tuesday,1,5,2,February,1,2022,0
2022-02-02,105,5371.5,51.15714285714286,2708.66,2022-02-02,Wednesday,2,5,2,February,1,2022,0
2022-02-03,118,5808.2,49.222033898305085,2964.73,2022-02-03,Thursday,3,5,2,February,1,2022,0
2022-02-04,126,6382.2,50.65238095238095,3266.23,2022-02-04,Friday,4,5,2,February,1,2022,0
2022-02-05,84,4291.1,51.084523809523816,2189.53,2022-02-05,Saturday,5,5,2,February,1,2022,1
2022-02-06,86,4376.0,50.883720930232556,2226.24,2022-02-06,Sunday,6,5,2,February,1,2022,1
2022-02-07,114,5366.4,47.07368421052631,2729.87,2022-02-07,Monday,0,6,2,February,1,2022,0
2022-02-08,121,6226.7,51.4603305785124,3155.03,2022-02-08,Tuesday,1,6,2,February,1,2022,0
2022-02-09,124,6017.5,48.528225806451616,3089.59,2022-02-09,Wednesday,2,6,2,February,1,2022,0
2022-02-10,130,6851.1,52.70076923076923,3505.11,2022-02-10,Thursday,3,6,2,February,1,2022,0
2022-02-11,135,6669.3,49.40222222222222,3381.46,2022-02-11,Friday,4,6,2,February,1,2022,0
2022-02-12,74,3593.2,48.556756756756755,1847.85,2022-02-12,Saturday,5,6,2,February,1,2022,1
2022-02-13,82,3965.5,48.359756097560975,2001.41,2022-02-13,Sunday,6,6,2,February,1,2022,1
2022-02-14,117,5848.2,49.98461538461538,2956.15,2022-02-14,Monday,0,7,2,February,1,2022,0
2022-02-15,108,5356.5,49.59722222222222,2735.99,2022-02-15,Tuesday,1,7,2,February,1,2022,0
2022-02-16,133,6775.8,50.945864661654134,3451.84,2022-02-16,Wednesday,2,7,2,February,1,2022,0
2022-02-17,106,5388.0,50.83018867924528,2766.45,2022-02-17,Thursday,3,7,2,February,1,2022,0
2022-02-18,117,5742.3,49.07948717948718,2931.95,2022-02-18,Friday,4,7,2,February,1,2022,0
2022-02-19,84,4183.0,49.79761904761905,2130.0,2022-02-19,Saturday,5,7,2,February,1,2022,1
2022-02-20,79,3911.0,49.50632911392405,1996.6,2022-02-20,Sunday,6,7,2,February,1,2022,1
2022-02-21,121,5718.6,47.26115702479339,2914.92,2022-02-21,Monday,0,8,2,February,1,2022,0
2022-02-22,139,7395.6,53.205755395683454,3786.91,2022-02-22,Tuesday,1,8,2,February,1,2022,0
2022-02-23,125,5980.9,47.847199999999994,3102.14,2022-02-23,Wednesday,2,8,2,February,1,2022,0
2022-02-24,115,5680.1,49.39217391304348,2893.04,2022-02-24,Thursday,3,8,2,February,1,2022,0
2022-02-25,135,6985.5,51.74444444444445,3563.1,2022-02-25,Friday,4,8,2,February,1,2022,0
2022-02-26,86,4450.9,51.754651162790694,2263.2,2022-02-26,Saturday,5,8,2,February,1,2022,1
2022-02-27,102,4942.5,48.455882352941174,2540.81,2022-02-27,Sunday,6,8,2,February,1,2022,1
2022-02-28,133,6263.9,47.096992481203,3226.9,2022-02-28,Monday,0,9,2,February,1,2022,0
2022-03-01,116,5804.8,50.04137931034483,2967.78,2022-03-01,Tuesday,1,9,3,March,1,2022,0
2022-03-02,143,7071.5,49.45104895104895,3668.62,2022-03-02,Wednesday,2,9,3,March,1,2022,0
2022-03-03,116,5529.4,47.66724137931034,2826.92,2022-03-03,Thursday,3,9,3,March,1,2022,0
2022-03-04,115,5690.6,49.48347826086957,2901.76,2022-03-04,Friday,4,9,3,March,1,2022,0
2022-03-05,77,3846.4,49.95324675324675,1942.9,2022-03-05,Saturday,5,9,3,March,1,2022,1
2022-03-06,92,4482.7,48.725,2303.69,2022-03-06,Sunday,6,9,3,March,1,2022,1
2022-03-07,128,6274.4,49.01875,3185.11,2022-03-07,Monday,0,10,3,March,1,2022,0
2022-03-08,127,6204.0,48.8503937007874,3159.96,2022-03-08,Tuesday,1,10,3,March,1,2022,0
2022-03-09,136,7011.7,51.55661764705882,3597.77,2022-03-09,Wednesday,2,10,3,March,1,2022,0
2022-03-10,131,6749.8,51.52519083969466,3446.18,2022-03-10,Thursday,3,10,3,March,1,2022,0
2022-03-11,118,5731.2,48.56949152542373,2932.42,2022-03-11,Friday,4,10,3,March,1,2022,0
2022-03-12,86,4114.7,47.8453488372093,2102.25,2022-03-12,Saturday,5,10,3,March,1,2022,1
2022-03-13,92,4447.2,48.339130434782604,2290.56,2022-03-13,Sunday,6,10,3,March,1,2022,1
2022-03-14,128,6401.6,50.0125,3286.68,2022-03-14,Monday,0,11,3,March,1,2022,0
2022-03-15,127,6310.8,49.69133858267717,3243.03,2022-03-15,Tuesday,1,11,3,March,1,2022,0
2022-03-16,120,6446.8,53.723333333333336,3328.68,2022-03-16,Wednesday,2,11,3,March,1,2022,0
2022-03-17,123,6016.4,48.91382113821138,3057.22,2022-03-17,Thursday,3,11,3,March,1,2022,0
2022-03-18,119,5530.8,46.477310924369746,2847.72,2022-03-18,Friday,4,11,3,March,1,2022,0
2022-03-19,86,4285.6,49.83255813953489,2200.58,2022-03-19,Saturday,5,11,3,March,1,2022,1
2022-03-20,82,4240.1,51.708536585365856,2168.15,2022-03-20,Sunday,6,11,3,March,1,2022,1
2022-03-21,108,5087.3,47.104629629629635,2619.69,2022-03-21,Monday,0,12,3,March,1,2022,0
2022-03-22,115,5871.9,51.059999999999995,2986.33,2022-03-22,Tuesday,1,12,3,March,1,2022,0
2022-03-23,119,5502.1,46.23613445378152,2808.14,2022-03-23,Wednesday,2,12,3,March,1,2022,0
2022-03-24,120,6529.8,54.415,3305.66,2022-03-24,Thursday,3,12,3,March,1,2022,0
2022-03-25,128,6509.5,50.85546875,3307.09,2022-03-25,Friday,4,12,3,March,1,2022,0
2022-03-26,88,4447.2,50.53636363636363,2268.76,2022-03-26,Saturday,5,12,3,March,1,2022,1
2022-03-27,97,4716.6,48.62474226804124,2426.4,2022-03-27,Sunday,6,12,3,March,1,2022,1
2022-03-28,127,6374.1,50.18976377952756,3233.42,2022-03-28,Monday,0,13,3,March,1,2022,0
2022-03-29,126,6177.3,49.02619047619048,3184.82,2022-03-29,Tuesday,1,13,3,March,1,2022,0
2022-03-30,110,5461.7,49.65181818181818,2800.41,2022-03-30,Wednesday,2,13,3,March,1,2022,0
2022-03-31,97,4810.2,49.58969072164948,2465.84,2022-03-31,Thursday,3,13,3,March,1,2022,0
2022-04-01,113,5486.8,48.55575221238938,2779.03,2022-04-01,Friday,4,13,4,April,2,2022,0
2022-04-02,89,4594.4,51.62247191011235,2320.84,2022-04-02,Saturday,5,13,4,April,2,2022,1
2022-04-03,97,4595.6,47.37731958762887,2361.7,2022-04-03,Sunday,6,13,4,April,2,2022,1
2022-04-04,122,5936.3,48.65819672131148,3044.02,2022-04-04,Monday,0,14,4,April,2,2022,0
2022-04-05,123,6028.3,49.01056910569106,3086.4,2022-04-05,Tuesday,1,14,4,April,2,2022,0
2022-04-06,132,6529.7,49.467424242424244,3351.39,2022-04-06,Wednesday,2,14,4,April,2,2022,0
2022-04-07,113,5467.4,48.38407079646017,2807.74,2022-04-07,Thursday,3,14,4,April,2,2022,0
2022-04-08,121,5891.1,48.686776859504135,2976.54,2022-04-08,Friday,4,14,4,April,2,2022,0
2022-04-09,89,4473.7,50.26629213483146,2265.88,2022-04-09,Saturday,5,14,4,April,2,2022,1
2022-04-10,103,5224.9,50.727184466019416,2656.13,2022-04-10,Sunday,6,14,4,April,2,2022,1
2022-04-11,105,5136.7,48.92095238095238,2646.09,2022-04-11,Monday,0,15,4,April,2,2022,0
2022-04-12,129,6152.2,47.691472868217055,3185.52,2022-04-12,Tuesday,1,15,4,April,2,2022,0
2022-04-13,121,5891.6,48.690909090909095,3015.0,2022-04-13,Wednesday,2,15,4,April,2,2022,0
2022-04-14,119,6030.8,50.67899159663866,3107.67,2022-04-14,Thursday,3,15,4,April,2,2022,0
2022-04-15,110,5449.9,49.54454545454545,2768.16,2022-04-15,Friday,4,15,4,April,2,2022,0
2022-04-16,102,4993.3,48.95392156862745,2539.34,2022-04-16,Saturday,5,15,4,April,2,2022,1
2022-04-17,89,4190.8,47.087640449438204,2144.34,2022-04-17,Sunday,6,15,4,April,2,2022,1
2022-04-18,124,6049.8,48.788709677419355,3120.36,2022-04-18,Monday,0,16,4,April,2,2022,0
2022-04-19,131,6267.8,47.84580152671756,3210.44,2022-04-19,Tuesday,1,16,4,April,2,2022,0
2022-04-20,130,6237.0,47.97692307692308,3169.6,2022-04-20,Wednesday,2,16,4,April,2,2022,0
2022-04-21,123,6056.6,49.240650406504066,3084.0,2022-04-21,Thursday,3,16,4,April,2,2022,0
2022-04-22,125,5986.2,47.8896,3025.4700000000003,2022-04-22,Friday,4,16,4,April,2,2022,0
2022-04-23,92,4559.9,49.564130434782605,2313.52,2022-04-23,Saturday,5,16,4,April,2,2022,1
2022-04-24,83,4352.4,52.438554216867466,2215.32,2022-04-24,Sunday,6,16,4,April,2,2022,1
2022-04-25,106,5346.9,50.44245283018868,2731.64,2022-04-25,Monday,0,17,4,April,2,2022,0
2022-04-26,113,5435.7,48.103539823008845,2808.63,2022-04-26,Tuesday,1,17,4,April,2,2022,0
2022-04-27,109,5039.2,46.231192660550455,2555.22,2022-04-27,Wednesday,2,17,4,April,2,2022,0
2022-04-28,128,6559.7,51.24765625,3322.85,2022-04-28,Thursday,3,17,4,April,2,2022,0
2022-04-29,122,5940.4,48.691803278688525,3007.93,2022-04-29,Friday,4,17,4,April,2,2022,0
2022-04-30,86,4136.2,48.0953488372093,2116.97,2022-04-30,Saturday,5,17,4,April,2,2022,1
2022-05-01,93,4716.9,50.71935483870968,2429.42,2022-05-01,Sunday,6,17,5,May,2,2022,1
2022-05-02,119,5660.9,47.57058823529412,2882.76,2022-05-02,Monday,0,18,5,May,2,2022,0
2022-05-03,119,5941.8,49.931092436974794,3045.69,2022-05-03,Tuesday,1,18,5,May,2,2022,0
2022-05-04,118,5988.5,50.75,3083.41,2022-05-04,Wednesday,2,18,5,May,2,2022,0
2022-05-05,112,5406.3,48.270535714285714,2767.77,2022-05-05,Thursday,3,18,5,May,2,2022,0
2022-05-06,142,7047.3,49.62887323943662,3603.73,2022-05-06,Friday,4,18,5,May,2,2022,0
2022-05-07,84,4207.2,50.08571428571428,2118.89,2022-05-07,Saturday,5,18,5,May,2,2022,1
2022-05-08,99,4960.2,50.1030303030303,2537.19,2022-05-08,Sunday,6,18,5,May,2,2022,1
2022-05-09,123,5853.3,47.58780487804878,2984.85,2022-05-09,Monday,0,19,5,May,2,2022,0
2022-05-10,117,5721.9,48.9051282051282,2901.51,2022-05-10,Tuesday,1,19,5,May,2,2022,0
2022-05-11,106,5220.3,49.24811320754717,2664.21,2022-05-11,Wednesday,2,19,5,May,2,2022,0
2022-05-12,124,6063.4,48.898387096774194,3120.6,2022-05-12,Thursday,3,19,5,May,2,2022,0
2022-05-13,125,5984.0,47.872,3051.11,2022-05-13,Friday,4,19,5,May,2,2022,0
2022-05-14,91,4429.9,48.68021978021978,2301.47,2022-05-14,Saturday,5,19,5,May,2,2022,1
2022-05-15,91,4514.7,49.61208791208791,2300.16,2022-05-15,Sunday,6,19,5,May,2,2022,1
2022-05-16,122,6010.0,49.26229508196721,3057.98,2022-05-16,Monday,0,20,5,May,2,2022,0
2022-05-17,120,5793.1,48.27583333333334,2975.26,2022-05-17,Tuesday,1,20,5,May,2,2022,0
2022-05-18,125,6277.4,50.219199999999994,3217.88,2022-05-18,Wednesday,2,20,5,May,2,2022,0
2022-05-19,127,6360.0,50.07874015748032,3286.79,2022-05-19,Thursday,3,20,5,May,2,2022,0
2022-05-20,111,5433.2,48.94774774774775,2791.3,2022-05-20,Friday,4,20,5,May,2,2022,0
2022-05-21,88,4513.8,51.29318181818182,2321.25,2022-05-21,Saturday,5,20,5,May,2,2022,1
2022-05-22,85,4346.7,51.137647058823525,2243.9,2022-05-22,Sunday,6,20,5,May,2,2022,1
2022-05-23,109,5818.3,53.37889908256881,2996.76,2022-05-23,Monday,0,21,5,May,2,2022,0
2022-05-24,125,5860.5,46.884,2978.94,2022-05-24,Tuesday,1,21,5,May,2,2022,0
2022-05-25,114,5757.1,50.50087719298246,2937.04,2022-05-25,Wednesday,2,21,5,May,2,2022,0
2022-05-26,117,5713.6,48.83418803418804,2930.39,2022-05-26,Thursday,3,21,5,May,2,2022,0
2022-05-27,127,6377.5,50.21653543307087,3295.57,2022-05-27,Friday,4,21,5,May,2,2022,0
2022-05-28,98,4869.8,49.69183673469388,2523.64,2022-05-28,Saturday,5,21,5,May,2,2022,1
2022-05-29,91,4177.4,45.9054945054945,2143.82,2022-05-29,Sunday,6,21,5,May,2,2022,1
2022-05-30,139,7016.4,50.477697841726616,3611.46,2022-05-30,Monday,0,22,5,May,2,2022,0
2022-05-31,136,6782.6,49.872058823529414,3493.47,2022-05-31,Tuesday,1,22,5,May,2,2022,0
2022-06-01,121,6202.7,51.26198347107438,3180.2200000000003,2022-06-01,Wednesday,2,22,6,June,2,2022,0
2022-06-02,122,5921.3,48.53524590163934,3016.81,2022-06-02,Thursday,3,22,6,June,2,2022,0
2022-06-03,114,5552.6,48.70701754385965,2861.18,2022-06-03,Friday,4,22,6,June,2,2022,0
2022-06-04,97,4796.1,49.44432989690722,2437.64,2022-06-04,Saturday,5,22,6,June,2,2022,1
2022-06-05,105,5506.7,52.444761904761904,2764.29,2022-06-05,Sunday,6,22,6,June,2,2022,1
2022-06-06,110,5662.8,51.480000000000004,2907.85,2022-06-06,Monday,0,23,6,June,2,2022,0
2022-06-07,110,5591.2,50.82909090909091,2844.2,2022-06-07,Tuesday,1,23,6,June,2,2022,0
2022-06-08,108,5132.9,47.52685185185185,2673.85,2022-06-08,Wednesday,2,23,6,June,2,2022,0
2022-06-09,121,5972.1,49.356198347107444,3046.87,2022-06-09,Thursday,3,23,6,June,2,2022,0
2022-06-10,121,6415.5,53.02066115702479,3297.39,2022-06-10,Friday,4,23,6,June,2,2022,0
2022-06-11,94,4764.1,50.68191489361703,2437.72,2022-06-11,Saturday,5,23,6,June,2,2022,1
2022-06-12,92,4640.4,50.439130434782605,2383.92,2022-06-12,Sunday,6,23,6,June,2,2022,1
2022-06-13,114,5699.7,49.99736842105263,2893.35,2022-06-13,Monday,0,24,6,June,2,2022,0
2022-06-14,106,4880.6,46.0433962264151,2499.13,2022-06-14,Tuesday,1,24,6,June,2,2022,0
2022-06-15,119,5686.1,47.78235294117648,2924.43,2022-06-15,Wednesday,2,24,6,June,2,2022,0
2022-06-16,119,6108.5,51.331932773109244,3101.28,2022-06-16,Thursday,3,24,6,June,2,2022,0
2022-06-17,120,5932.8,49.440000000000005,3058.64,2022-06-17,Friday,4,24,6,June,2,2022,0
2022-06-18,89,4295.2,48.26067415730337,2181.74,2022-06-18,Saturday,5,24,6,June,2,2022,1
2022-06-19,88,4147.9,47.13522727272727,2105.87,2022-06-19,Sunday,6,24,6,June,2,2022,1
2022-06-20,117,5724.2,48.924786324786325,2923.68,2022-06-20,Monday,0,25,6,June,2,2022,0
2022-06-21,123,6150.7,50.00569105691057,3162.28,2022-06-21,Tuesday,1,25,6,June,2,2022,0
2022-06-22,121,6008.5,49.65702479338843,3085.03,2022-06-22,Wednesday,2,25,6,June,2,2022,0
2022-06-23,131,6484.1,49.4969465648855,3322.97,2022-06-23,Thursday,3,25,6,June,2,2022,0
2022-06-24,118,5971.4,50.60508474576271,3052.43,2022-06-24,Friday,4,25,6,June,2,2022,0
2022-06-25,92,4529.5,49.233695652173914,2321.19,2022-06-25,Saturday,5,25,6,June,2,2022,1
2022-06-26,91,4527.9,49.75714285714285,2315.65,2022-06-26,Sunday,6,25,6,June,2,2022,1
2022-06-27,119,6004.0,50.45378151260504,3076.21,2022-06-27,Monday,0,26,6,June,2,2022,0
2022-06-28,107,5067.7,47.36168224299065,2571.9900000000002,2022-06-28,Tuesday,1,26,6,June,2,2022,0
2022-06-29,117,6013.3,51.3957264957265,3079.41,2022-06-29,Wednesday,2,26,6,June,2,2022,0
2022-06-30,128,6153.6,48.075,3132.12,2022-06-30,Thursday,3,26,6,June,2,2022,0
2022-07-01,117,5675.5,48.50854700854701,2928.69,2022-07-01,Friday,4,26,7,July,3,2022,0
2022-07-02,91,4618.1,50.74835164835165,2399.37,2022-07-02,Saturday,5,26,7,July,3,2022,1
2022-07-03,82,4088.3,49.857317073170734,2067.34,2022-07-03,Sunday,6,26,7,July,3,2022,1
2022-07-04,140,6944.5,49.60357142857143,3546.61,2022-07-04,Monday,0,27,7,July,3,2022,0
2022-07-05,128,6246.6,48.8015625,3190.69,2022-07-05,Tuesday,1,27,7,July,3,2022,0
2022-07-06,125,6412.3,51.2984,3315.56,2022-07-06,Wednesday,2,27,7,July,3,2022,0
2022-07-07,103,5232.8,50.803883495145634,2673.62,2022-07-07,Thursday,3,27,7,July,3,2022,0
2022-07-08,121,6092.8,50.35371900826446,3092.37,2022-07-08,Friday,4,27,7,July,3,2022,0
2022-07-09,96,4619.3,48.11770833333333,2371.48,2022-07-09,Saturday,5,27,7,July,3,2022,1
2022-07-10,86,4022.2,46.769767441860466,2091.28,2022-07-10,Sunday,6,27,7,July,3,2022,1
2022-07-11,121,5720.2,47.27438016528925,2918.69,2022-07-11,Monday,0,28,7,July,3,2022,0
2022-07-12,121,6038.7,49.90661157024793,3087.23,2022-07-12,Tuesday,1,28,7,July,3,2022,0
2022-07-13,129,6820.7,52.873643410852715,3509.4,2022-07-13,Wednesday,2,28,7,July,3,2022,0
2022-07-14,105,5112.6,48.691428571428574,2650.35,2022-07-14,Thursday,3,28,7,July,3,2022,0
2022-07-15,105,5439.1,51.80095238095238,2739.15,2022-07-15,Friday,4,28,7,July,3,2022,0
2022-07-16,94,4695.8,49.95531914893617,2366.45,2022-07-16,Saturday,5,28,7,July,3,2022,1
2022-07-17,100,4952.2,49.522,2502.12,2022-07-17,Sunday,6,28,7,July,3,2022,1
2022-07-18,121,5715.1,47.23223140495868,2948.18,2022-07-18,Monday,0,29,7,July,3,2022,0
2022-07-19,121,5810.2,48.018181818181816,2969.38,2022-07-19,Tuesday,1,29,7,July,3,2022,0
2022-07-20,120,6125.3,51.04416666666667,3117.93,2022-07-20,Wednesday,2,29,7,July,3,2022,0
2022-07-21,106,5180.7,48.87452830188679,2646.12,2022-07-21,Thursday,3,29,7,July,3,2022,0
2022-07-22,120,5662.9,47.19083333333333,2882.18,2022-07-22,Friday,4,29,7,July,3,2022,0
2022-07-23,108,5527.3,51.178703703703704,2847.13,2022-07-23,Saturday,5,29,7,July,3,2022,1
2022-07-24,88,4227.5,48.03977272727273,2201.18,2022-07-24,Sunday,6,29,7,July,3,2022,1
2022-07-25,121,6039.6,49.91404958677686,3093.74,2022-07-25,Monday,0,30,7,July,3,2022,0
2022-07-26,125,6502.5,52.02,3324.99,2022-07-26,Tuesday,1,30,7,July,3,2022,0
2022-07-27,127,5913.5,46.56299212598425,3020.12,2022-07-27,Wednesday,2,30,7,July,3,2022,0
2022-07-28,114,5345.3,46.88859649122807,2732.33,2022-07-28,Thursday,3,30,7,July,3,2022,0
2022-07-29,108,5378.4,49.8,2770.3,2022-07-29,Friday,4,30,7,July,3,2022,0
2022-07-30,92,4495.2,48.86086956521739,2322.33,2022-07-30,Saturday,5,30,7,July,3,2022,1
2022-07-31,84,4061.0,48.345238095238095,2086.45,2022-07-31,Sunday,6,30,7,July,3,2022,1
2022-08-01,118,5724.8,48.51525423728814,2884.84,2022-08-01,Monday,0,31,8,August,3,2022,0
2022-08-02,124,6243.7,50.35241935483871,3175.42,2022-08-02,Tuesday,1,31,8,August,3,2022,0
2022-08-03,120,6157.1,51.30916666666667,3112.45,2022-08-03,Wednesday,2,31,8,August,3,2022,0
2022-08-04,127,6711.8,52.8488188976378,3408.86,2022-08-04,Thursday,3,31,8,August,3,2022,0
2022-08-05,130,6308.0,48.52307692307692,3195.87,2022-08-05,Friday,4,31,8,August,3,2022,0
2022-08-06,90,4321.2,48.01333333333333,2216.77,2022-08-06,Saturday,5,31,8,August,3,2022,1
2022-08-07,82,3992.2,48.68536585365853,2053.41,2022-08-07,Sunday,6,31,8,August,3,2022,1
2022-08-08,135,6697.7,49.61259259259259,3446.85,2022-08-08,Monday,0,32,8,August,3,2022,0
2022-08-09,105,5263.1,50.12476190476191,2683.39,2022-08-09,Tuesday,1,32,8,August,3,2022,0
2022-08-10,116,5594.0,48.224137931034484,2866.69,2022-08-10,Wednesday,2,32,8,August,3,2022,0
2022-08-11,119,6093.0,51.20168067226891,3070.23,2022-08-11,Thursday,3,32,8,August,3,2022,0
2022-08-12,115,5627.9,48.93826086956521,2865.55,2022-08-12,Friday,4,32,8,August,3,2022,0
2022-08-13,87,4278.1,49.17356321839081,2163.15,2022-08-13,Saturday,5,32,8,August,3,2022,1
2022-08-14,92,4533.8,49.2804347826087,2312.23,2022-08-14,Sunday,6,32,8,August,3,2022,1
2022-08-15,144,6965.1,48.368750000000006,3550.7,2022-08-15,Monday,0,33,8,August,3,2022,0
2022-08-16,120,6079.6,50.663333333333334,3075.33,2022-08-16,Tuesday,1,33,8,August,3,2022,0
2022-08-17,121,5716.9,47.24710743801653,2919.75,2022-08-17,Wednesday,2,33,8,August,3,2022,0
2022-08-18,116,5991.4,51.65,3035.08,2022-08-18,Thursday,3,33,8,August,3,2022,0
2022-08-19,125,5920.8,47.3664,3005.72,2022-08-19,Friday,4,33,8,August,3,2022,0
2022-08-20,73,3428.0,46.95890410958904,1743.1,2022-08-20,Saturday,5,33,8,August,3,2022,1
2022-08-21,84,4163.9,49.57023809523809,2114.51,2022-08-21,Sunday,6,33,8,August,3,2022,1
2022-08-22,112,5809.8,51.87321428571429,2987.41,2022-08-22,Monday,0,34,8,August,3,2022,0
2022-08-23,126,6480.2,51.43015873015873,3338.66,2022-08-23,Tuesday,1,34,8,August,3,2022,0
2022-08-24,122,6280.3,51.47786885245902,3268.57,2022-08-24,Wednesday,2,34,8,August,3,2022,0
2022-08-25,120,6169.3,51.410833333333336,3182.5299999999997,2022-08-25,Thursday,3,34,8,August,3,2022,0
2022-08-26,125,6147.9,49.1832,3107.83,2022-08-26,Friday,4,34,8,August,3,2022,0
2022-08-27,104,5183.5,49.84134615384615,2641.43,2022-08-27,Saturday,5,34,8,August,3,2022,1
2022-08-28,98,4938.9,50.3969387755102,2504.35,2022-08-28,Sunday,6,34,8,August,3,2022,1
2022-08-29,119,5839.4,49.07058823529412,2967.47,2022-08-29,Monday,0,35,8,August,3,2022,0
2022-08-30,121,5820.7,48.10495867768595,2962.13,2022-08-30,Tuesday,1,35,8,August,3,2022,0
2022-08-31,128,6625.2,51.759375,3389.45,2022-08-31,Wednesday,2,35,8,August,3,2022,0
2022-09-01,110,5495.9,49.96272727272727,2795.74,2022-09-01,Thursday,3,35,9,September,3,2022,0
2022-09-02,131,6693.2,51.09312977099236,3403.37,2022-09-02,Friday,4,35,9,September,3,2022,0
2022-09-03,71,3793.6,53.430985915492954,1983.71,2022-09-03,Saturday,5,35,9,September,3,2022,1
2022-09-04,81,4083.7,50.41604938271605,2074.04,2022-09-04,Sunday,6,35,9,September,3,2022,1
2022-09-05,117,5592.7,47.8008547008547,2884.02,2022-09-05,Monday,0,36,9,September,3,2022,0
2022-09-06,124,6080.9,49.03951612903226,3120.33,2022-09-06,Tuesday,1,36,9,September,3,2022,0
2022-09-07,106,5162.6,48.70377358490566,2637.89,2022-09-07,Wednesday,2,36,9,September,3,2022,0
2022-09-08,119,5899.9,49.57899159663865,3005.59,2022-09-08,Thursday,3,36,9,September,3,2022,0
2022-09-09,126,6067.2,48.15238095238095,3098.72,2022-09-09,Friday,4,36,9,September,3,2022,0
2022-09-10,91,4375.0,48.07692307692308,2204.1,2022-09-10,Saturday,5,36,9,September,3,2022,1
2022-09-11,83,4097.5,49.36746987951807,2096.4,2022-09-11,Sunday,6,36,9,September,3,2022,1
2022-09-12,116,5881.0,50.69827586206897,3058.74,2022-09-12,Monday,0,37,9,September,3,2022,0
2022-09-13,119,5671.9,47.66302521008403,2908.72,2022-09-13,Tuesday,1,37,9,September,3,2022,0
2022-09-14,121,6254.1,51.686776859504135,3209.11,2022-09-14,Wednesday,2,37,9,September,3,2022,0
2022-09-15,99,4828.2,48.769696969696966,2465.63,2022-09-15,Thursday,3,37,9,September,3,2022,0
2022-09-16,122,6211.7,50.915573770491804,3166.88,2022-09-16,Friday,4,37,9,September,3,2022,0
2022-09-17,81,3810.1,47.038271604938274,1960.79,2022-09-17,Saturday,5,37,9,September,3,2022,1
2022-09-18,99,4728.4,47.76161616161616,2422.68,2022-09-18,Sunday,6,37,9,September,3,2022,1
2022-09-19,129,6301.7,48.850387596899225,3240.25,2022-09-19,Monday,0,38,9,September,3,2022,0
2022-09-20,102,4819.4,47.24901960784313,2477.81,2022-09-20,Tuesday,1,38,9,September,3,2022,0
2022-09-21,136,6831.9,50.23455882352941,3481.4700000000003,2022-09-21,Wednesday,2,38,9,September,3,2022,0
2022-09-22,127,6348.5,49.988188976377955,3272.42,2022-09-22,Thursday,3,38,9,September,3,2022,0
2022-09-23,116,5618.9,48.438793103448276,2855.87,2022-09-23,Friday,4,38,9,September,3,2022,0
2022-09-24,88,4362.9,49.57840909090908,2228.22,2022-09-24,Saturday,5,38,9,September,3,2022,1
2022-09-25,84,4232.9,50.391666666666666,2183.2,2022-09-25,Sunday,6,38,9,September,3,2022,1
2022-09-26,108,5330.6,49.35740740740741,2744.4,2022-09-26,Monday,0,39,9,September,3,2022,0
2022-09-27,116,5977.9,51.533620689655166,3066.67,2022-09-27,Tuesday,1,39,9,September,3,2022,0
2022-09-28,116,5815.0,50.12931034482759,2976.0,2022-09-28,Wednesday,2,39,9,September,3,2022,0
2022-09-29,121,5797.3,47.91157024793389,2998.06,2022-09-29,Thursday,3,39,9,September,3,2022,0
2022-09-30,119,5735.7,48.199159663865544,2919.19,2022-09-30,Friday,4,39,9,September,3,2022,0
2022-10-01,87,4222.1,48.52988505747127,2179.03,2022-10-01,Saturday,5,39,10,October,4,2022,1
2022-10-02,102,5241.3,51.385294117647064,2645.24,2022-10-02,Sunday,6,39,10,October,4,2022,1
2022-10-03,112,5699.2,50.885714285714286,2935.11,2022-10-03,Monday,0,40,10,October,4,2022,0
2022-10-04,133,6650.5,50.00375939849624,3401.97,2022-10-04,Tuesday,1,40,10,October,4,2022,0
2022-10-05,113,5752.8,50.90973451327434,2908.06,2022-10-05,Wednesday,2,40,10,October,4,2022,0
2022-10-06,119,5953.6,50.030252100840336,3043.51,2022-10-06,Thursday,3,40,10,October,4,2022,0
2022-10-07,127,6124.5,48.224409448818896,3162.85,2022-10-07,Friday,4,40,10,October,4,2022,0
2022-10-08,97,5121.4,52.79793814432989,2592.75,2022-10-08,Saturday,5,40,10,October,4,2022,1
2022-10-09,87,4449.4,51.14252873563218,2252.55,2022-10-09,Sunday,6,40,10,October,4,2022,1
2022-10-10,117,5554.7,47.476068376068376,2815.18,2022-10-10,Monday,0,41,10,October,4,2022,0
2022-10-11,119,6174.3,51.884873949579834,3169.34,2022-10-11,Tuesday,1,41,10,October,4,2022,0
2022-10-12,116,5641.3,48.63189655172414,2867.96,2022-10-12,Wednesday,2,41,10,October,4,2022,0
2022-10-13,133,6555.5,49.28947368421053,3372.9700000000003,2022-10-13,Thursday,3,41,10,October,4,2022,0
2022-10-14,123,6169.3,50.15691056910569,3142.57,2022-10-14,Friday,4,41,10,October,4,2022,0
2022-10-15,90,4520.3,50.22555555555556,2303.44,2022-10-15,Saturday,5,41,10,October,4,2022,1
2022-10-16,77,3779.4,49.08311688311689,1936.26,2022-10-16,Sunday,6,41,10,October,4,2022,1
2022-10-17,110,5416.5,49.24090909090909,2783.66,2022-10-17,Monday,0,42,10,October,4,2022,0
2022-10-18,107,5196.6,48.56635514018692,2675.31,2022-10-18,Tuesday,1,42,10,October,4,2022,0
2022-10-19,131,6519.6,49.767938931297714,3360.62,2022-10-19,Wednesday,2,42,10,October,4,2022,0
2022-10-20,122,6087.7,49.89918032786885,3105.89,2022-10-20,Thursday,3,42,10,October,4,2022,0
2022-10-21,117,5753.4,49.174358974358974,2943.69,2022-10-21,Friday,4,42,10,October,4,2022,0
2022-10-22,85,3881.4,45.663529411764706,1991.61,2022-10-22,Saturday,5,42,10,October,4,2022,1
2022-10-23,96,4798.6,49.98541666666667,2438.01,2022-10-23,Sunday,6,42,10,October,4,2022,1
2022-10-24,124,6428.1,51.83951612903226,3311.14,2022-10-24,Monday,0,43,10,October,4,2022,0
2022-10-25,115,5436.2,47.27130434782609,2775.82,2022-10-25,Tuesday,1,43,10,October,4,2022,0
2022-10-26,112,5386.5,48.09375,2731.09,2022-10-26,Wednesday,2,43,10,October,4,2022,0
2022-10-27,134,6592.9,49.200746268656715,3355.74,2022-10-27,Thursday,3,43,10,October,4,2022,0
2022-10-28,105,5254.4,50.04190476190476,2664.1,2022-10-28,Friday,4,43,10,October,4,2022,0
2022-10-29,86,4041.7,46.996511627906976,2081.39,2022-10-29,Saturday,5,43,10,October,4,2022,1
2022-10-30,98,4884.2,49.83877551020408,2500.58,2022-10-30,Sunday,6,43,10,October,4,2022,1
2022-10-31,118,5558.6,47.10677966101695,2846.72,2022-10-31,Monday,0,44,10,October,4,2022,0
2022-11-01,115,5736.8,49.88521739130435,2936.64,2022-11-01,Tuesday,1,44,11,November,4,2022,0
2022-11-02,105,5147.2,49.02095238095238,2641.64,2022-11-02,Wednesday,2,44,11,November,4,2022,0
2022-11-03,127,6793.9,53.49527559055118,3450.7200000000003,2022-11-03,Thursday,3,44,11,November,4,2022,0
2022-11-04,116,5997.3,51.70086206896552,3101.46,2022-11-04,Friday,4,44,11,November,4,2022,0
2022-11-05,83,4206.5,50.68072289156626,2170.57,2022-11-05,Saturday,5,44,11,November,4,2022,1
2022-11-06,88,4599.0,52.26136363636363,2340.0,2022-11-06,Sunday,6,44,11,November,4,2022,1
2022-11-07,117,6141.8,52.494017094017096,3167.49,2022-11-07,Monday,0,45,11,November,4,2022,0
2022-11-08,122,5860.9,48.040163934426225,3014.02,2022-11-08,Tuesday,1,45,11,November,4,2022,0
2022-11-09,113,5610.8,49.65309734513274,2897.27,2022-11-09,Wednesday,2,45,11,November,4,2022,0
2022-11-10,124,6203.6,50.02903225806452,3125.37,2022-11-10,Thursday,3,45,11,November,4,2022,0
2022-11-11,133,6665.8,50.1187969924812,3371.46,2022-11-11,Friday,4,45,11,November,4,2022,0
2022-11-12,91,4578.6,50.31428571428572,2369.97,2022-11-12,Saturday,5,45,11,November,4,2022,1
2022-11-13,98,4703.4,47.993877551020404,2387.2,2022-11-13,Sunday,6,45,11,November,4,2022,1
2022-11-14,137,6897.3,50.34525547445256,3565.65,2022-11-14,Monday,0,46,11,November,4,2022,0
2022-11-15,122,5905.5,48.40573770491803,3031.88,2022-11-15,Tuesday,1,46,11,November,4,2022,0
2022-11-16,117,5878.8,50.246153846153845,3027.4,2022-11-16,Wednesday,2,46,11,November,4,2022,0
2022-11-17,130,6503.7,50.028461538461535,3313.59,2022-11-17,Thursday,3,46,11,November,4,2022,0
2022-11-18,116,5972.0,51.48275862068966,3067.84,2022-11-18,Friday,4,46,11,November,4,2022,0
2022-11-19,76,3723.5,48.99342105263158,1890.94,2022-11-19,Saturday,5,46,11,November,4,2022,1
2022-11-20,95,4726.3,49.75052631578948,2383.33,2022-11-20,Sunday,6,46,11,November,4,2022,1
2022-11-21,108,5365.1,49.67685185185186,2747.97,2022-11-21,Monday,0,47,11,November,4,2022,0
2022-11-22,119,5837.8,49.05714285714286,3019.39,2022-11-22,Tuesday,1,47,11,November,4,2022,0
2022-11-23,135,6443.2,47.727407407407405,3322.36,2022-11-23,Wednesday,2,47,11,November,4,2022,0
2022-11-24,110,5257.8,47.79818181818182,2668.98,2022-11-24,Thursday,3,47,11,November,4,2022,0
2022-11-25,129,6599.3,51.15736434108527,3370.06,2022-11-25,Friday,4,47,11,November,4,2022,0
2022-11-26,91,4294.0,47.18681318681319,2209.32,2022-11-26,Saturday,5,47,11,November,4,2022,1
2022-11-27,95,4552.6,47.922105263157896,2368.66,2022-11-27,Sunday,6,47,11,November,4,2022,1
2022-11-28,140,6845.3,48.895,3493.85,2022-11-28,Monday,0,48,11,November,4,2022,0
2022-11-29,122,6218.3,50.96967213114754,3184.32,2022-11-29,Tuesday,1,48,11,November,4,2022,0
2022-11-30,110,5798.7,52.71545454545454,2975.76,2022-11-30,Wednesday,2,48,11,November,4,2022,0
2022-12-01,104,4929.6,47.400000000000006,2509.9,2022-12-01,Thursday,3,48,12,December,4,2022,0
2022-12-02,130,6393.1,49.17769230769231,3246.98,2022-12-02,Friday,4,48,12,December,4,2022,0
2022-12-03,81,4226.9,52.18395061728395,2165.34,2022-12-03,Saturday,5,48,12,December,4,2022,1
2022-12-04,89,4382.7,49.2438202247191,2234.34,2022-12-04,Sunday,6,48,12,December,4,2022,1
2022-12-05,113,5715.8,50.58230088495576,2920.98,2022-12-05,Monday,0,49,12,December,4,2022,0
2022-12-06,143,7291.7,50.99090909090909,3743.19,2022-12-06,Tuesday,1,49,12,December,4,2022,0
2022-12-07,116,5804.5,50.03879310344828,2949.14,2022-12-07,Wednesday,2,49,12,December,4,2022,0
2022-12-08,121,6048.3,49.985950413223144,3091.07,2022-12-08,Thursday,3,49,12,December,4,2022,0
2022-12-09,116,5763.6,49.686206896551724,2942.62,2022-12-09,Friday,4,49,12,December,4,2022,0
2022-12-10,87,4482.6,51.52413793103449,2275.61,2022-12-10,Saturday,5,49,12,December,4,2022,1
2022-12-11,86,4113.7,47.83372093023256,2095.72,2022-12-11,Sunday,6,49,12,December,4,2022,1
2022-12-12,129,6302.2,48.85426356589147,3211.65,2022-12-12,Monday,0,50,12,December,4,2022,0
2022-12-13,113,5477.0,48.469026548672566,2823.0,2022-12-13,Tuesday,1,50,12,December,4,2022,0
2022-12-14,117,5874.7,50.21111111111111,3007.24,2022-12-14,Wednesday,2,50,12,December,4,2022,0
2022-12-15,116,5406.6,46.608620689655176,2772.52,2022-12-15,Thursday,3,50,12,December,4,2022,0
2022-12-16,116,5823.0,50.19827586206897,2966.45,2022-12-16,Friday,4,50,12,December,4,2022,0
2022-12-17,89,4499.8,50.55955056179776,2304.91,2022-12-17,Saturday,5,50,12,December,4,2022,1
2022-12-18,84,3940.9,46.91547619047619,2031.41,2022-12-18,Sunday,6,50,12,December,4,2022,1
2022-12-19,129,6112.8,47.38604651162791,3125.87,2022-12-19,Monday,0,51,12,December,4,2022,0
2022-12-20,112,5373.3,47.97589285714286,2743.9,2022-12-20,Tuesday,1,51,12,December,4,2022,0
2022-12-21,117,5382.7,46.005982905982904,2740.13,2022-12-21,Wednesday,2,51,12,December,4,2022,0
2022-12-22,136,6434.8,47.31470588235294,3305.98,2022-12-22,Thursday,3,51,12,December,4,2022,0
2022-12-23,128,6440.5,50.31640625,3293.12,2022-12-23,Friday,4,51,12,December,4,2022,0
2022-12-24,102,5120.5,50.200980392156865,2608.61,2022-12-24,Saturday,5,51,12,December,4,2022,1
2022-12-25,84,4069.5,48.44642857142857,2086.07,2022-12-25,Sunday,6,51,12,December,4,2022,1
2022-12-26,124,6008.8,48.458064516129035,3063.13,2022-12-26,Monday,0,52,12,December,4,2022,0
2022-12-27,124,6506.4,52.47096774193548,3354.09,2022-12-27,Tuesday,1,52,12,December,4,2022,0
2022-12-28,124,5826.3,46.98629032258064,2979.75,2022-12-28,Wednesday,2,52,12,December,4,2022,0
2022-12-29,101,5167.5,51.163366336633665,2624.76,2022-12-29,Thursday,3,52,12,December,4,2022,0
2022-12-30,116,5843.3,50.373275862068965,3003.45,2022-12-30,Friday,4,52,12,December,4,2022,0
2022-12-31,91,4467.5,49.09340659340659,2269.42,2022-12-31,Saturday,5,52,12,December,4,2022,1
2023-01-01,183,8499.6,46.445901639344264,5440.01,2023-01-01,Sunday,6,52,1,January,1,2023,1
2023-01-02,240,11565.7,48.19041666666667,7379.35,2023-01-02,Monday,0,1,1,January,1,2023,0
2023-01-03,257,12003.1,46.70466926070039,7633.4,2023-01-03,Tuesday,1,1,1,January,1,2023,0
2023-01-04,248,11864.3,47.839919354838706,7577.71,2023-01-04,Wednesday,2,1,1,January,1,2023,0
2023-01-05,270,12787.8,47.36222222222222,8175.15,2023-01-05,Thursday,3,1,1,January,1,2023,0
2023-01-06,256,12033.0,47.00390625,7760.07,2023-01-06,Friday,4,1,1,January,1,2023,0
2023-01-07,205,9606.1,46.8590243902439,6123.94,2023-01-07,Saturday,5,1,1,January,1,2023,1
2023-01-08,187,8833.7,47.23903743315508,5644.64,2023-01-08,Sunday,6,1,1,January,1,2023,1
2023-01-09,263,12369.3,47.03155893536121,8014.79,2023-01-09,Monday,0,2,1,January,1,2023,0
2023-01-10,263,12951.8,49.24638783269962,8278.93,2023-01-10,Tuesday,1,2,1,January,1,2023,0
2023-01-11,252,11762.7,46.67738095238096,7517.26,2023-01-11,Wednesday,2,2,1,January,1,2023,0
2023-01-12,250,11575.4,46.3016,7493.55,2023-01-12,Thursday,3,2,1,January,1,2023,0
2023-01-13,282,13052.1,46.28404255319149,8271.79,2023-01-13,Friday,4,2,1,January,1,2023,0
2023-01-14,163,7690.9,47.183435582822085,4860.4,2023-01-14,Saturday,5,2,1,January,1,2023,1
2023-01-15,188,8555.7,45.50904255319149,5446.48,2023-01-15,Sunday,6,2,1,January,1,2023,1
2023-01-16,247,11935.7,48.32267206477733,7625.66,2023-01-16,Monday,0,3,1,January,1,2023,0
2023-01-17,262,11950.9,45.61412213740458,7632.8,2023-01-17,Tuesday,1,3,1,January,1,2023,0
2023-01-18,282,13287.3,47.11808510638298,8466.66,2023-01-18,Wednesday,2,3,1,January,1,2023,0
2023-01-19,240,11307.6,47.115,7180.07,2023-01-19,Thursday,3,3,1,January,1,2023,0
2023-01-20,279,12779.9,45.80609318996416,8140.39,2023-01-20,Friday,4,3,1,January,1,2023,0
2023-01-21,209,9948.0,47.59808612440192,6348.69,2023-01-21,Saturday,5,3,1,January,1,2023,1
2023-01-22,199,9433.6,47.40502512562814,6034.02,2023-01-22,Sunday,6,3,1,January,1,2023,1
2023-01-23,280,13181.4,47.07642857142857,8435.44,2023-01-23,Monday,0,4,1,January,1,2023,0
2023-01-24,264,12281.4,46.52045454545454,7827.89,2023-01-24,Tuesday,1,4,1,January,1,2023,0
2023-01-25,246,11893.3,48.34674796747967,7576.68,2023-01-25,Wednesday,2,4,1,January,1,2023,0
2023-01-26,267,12652.0,47.38576779026217,8016.88,2023-01-26,Thursday,3,4,1,January,1,2023,0
2023-01-27,261,12135.8,46.497318007662834,7734.15,2023-01-27,Friday,4,4,1,January,1,2023,0
2023-01-28,181,8590.4,47.46077348066298,5465.62,2023-01-28,Saturday,5,4,1,January,1,2023,1
2023-01-29,169,7752.8,45.874556213017755,4988.44,2023-01-29,Sunday,6,4,1,January,1,2023,1
2023-01-30,256,11986.1,46.820703125,7612.74,2023-01-30,Monday,0,5,1,January,1,2023,0
2023-01-31,250,11921.7,47.686800000000005,7630.13,2023-01-31,Tuesday,1,5,1,January,1,2023,0
2023-02-01,246,11612.1,47.203658536585365,7399.05,2023-02-01,Wednesday,2,5,2,February,1,2023,0
2023-02-02,233,11232.3,48.20729613733905,7168.97,2023-02-02,Thursday,3,5,2,February,1,2023,0
2023-02-03,257,12602.4,49.03657587548638,8093.31,2023-02-03,Friday,4,5,2,February,1,2023,0
2023-02-04,182,8202.4,45.068131868131864,5159.38,2023-02-04,Saturday,5,5,2,February,1,2023,1
2023-02-05,188,9234.1,49.117553191489364,5931.31,2023-02-05,Sunday,6,5,2,February,1,2023,1
2023-02-06,241,11141.6,46.23070539419087,7123.97,2023-02-06,Monday,0,6,2,February,1,2023,0
2023-02-07,265,12148.6,45.84377358490566,7667.28,2023-02-07,Tuesday,1,6,2,February,1,2023,0
2023-02-08,252,11712.8,46.479365079365074,7382.58,2023-02-08,Wednesday,2,6,2,February,1,2023,0
2023-02-09,263,12564.8,47.774904942965776,8135.14,2023-02-09,Thursday,3,6,2,February,1,2023,0
2023-02-10,232,11001.5,47.42025862068966,7029.11,2023-02-10,Friday,4,6,2,February,1,2023,0
2023-02-11,177,8571.1,48.42429378531074,5449.0,2023-02-11,Saturday,5,6,2,February,1,2023,1
2023-02-12,202,9450.6,46.785148514851485,5998.47,2023-02-12,Sunday,6,6,2,February,1,2023,1
2023-02-13,274,13031.6,47.56058394160584,8417.88,2023-02-13,Monday,0,7,2,February,1,2023,0
2023-02-14,254,11928.6,46.96299212598425,7678.75,2023-02-14,Tuesday,1,7,2,February,1,2023,0
2023-02-15,261,12298.4,47.12030651340996,7861.52,2023-02-15,Wednesday,2,7,2,February,1,2023,0
2023-02-16,249,11812.5,47.43975903614458,7547.32,2023-02-16,Thursday,3,7,2,February,1,2023,0
2023-02-17,285,13032.3,45.72736842105263,8290.32,2023-02-17,Friday,4,7,2,February,1,2023,0
2023-02-18,201,9362.4,46.579104477611935,5932.97,2023-02-18,Saturday,5,7,2,February,1,2023,1
2023-02-19,175,8320.9,47.547999999999995,5311.67,2023-02-19,Sunday,6,7,2,February,1,2023,1
2023-02-20,245,11066.5,45.16938775510204,7057.99,2023-02-20,Monday,0,8,2,February,1,2023,0
2023-02-21,277,12751.5,46.03429602888087,8198.74,2023-02-21,Tuesday,1,8,2,February,1,2023,0
2023-02-22,267,12096.7,45.3059925093633,7696.29,2023-02-22,Wednesday,2,8,2,February,1,2023,0
2023-02-23,240,11203.6,46.681666666666665,7112.42,2023-02-23,Thursday,3,8,2,February,1,2023,0
2023-02-24,280,13517.3,48.27607142857143,8612.22,2023-02-24,Friday,4,8,2,February,1,2023,0
2023-02-25,184,8557.1,46.50597826086957,5459.6,2023-02-25,Saturday,5,8,2,February,1,2023,1
2023-02-26,195,9256.4,47.468717948717945,5867.4,2023-02-26,Sunday,6,8,2,February,1,2023,1
2023-02-27,262,12283.7,46.884351145038174,7868.58,2023-02-27,Monday,0,9,2,February,1,2023,0
2023-02-28,245,11409.9,46.571020408163264,7374.59,2023-02-28,Tuesday,1,9,2,February,1,2023,0
2023-03-01,247,11843.2,47.94817813765182,7589.99,2023-03-01,Wednesday,2,9,3,March,1,2023,0
2023-03-02,251,11903.8,47.42549800796812,7628.76,2023-03-02,Thursday,3,9,3,March,1,2023,0
2023-03-03,272,12341.7,45.37389705882353,7853.93,2023-03-03,Friday,4,9,3,March,1,2023,0
2023-03-04,194,8790.7,45.312886597938146,5595.03,2023-03-04,Saturday,5,9,3,March,1,2023,1
2023-03-05,190,8808.3,46.35947368421052,5627.96,2023-03-05,Sunday,6,9,3,March,1,2023,1
2023-03-06,254,11653.7,45.88070866141732,7463.5,2023-03-06,Monday,0,10,3,March,1,2023,0
2023-03-07,264,12151.1,46.02689393939394,7720.64,2023-03-07,Tuesday,1,10,3,March,1,2023,0
2023-03-08,253,11957.0,47.26086956521739,7781.93,2023-03-08,Wednesday,2,10,3,March,1,2023,0
2023-03-09,255,12342.6,48.402352941176474,7862.57,2023-03-09,Thursday,3,10,3,March,1,2023,0
2023-03-10,259,11930.8,46.06486486486486,7611.85,2023-03-10,Friday,4,10,3,March,1,2023,0
2023-03-11,178,8319.4,46.73820224719101,5341.9,2023-03-11,Saturday,5,10,3,March,1,2023,1
2023-03-12,185,9206.1,49.762702702702704,5814.21,2023-03-12,Sunday,6,10,3,March,1,2023,1
2023-03-13,242,11586.5,47.87809917355372,7378.27,2023-03-13,Monday,0,11,3,March,1,2023,0
2023-03-14,279,12953.0,46.42652329749104,8291.52,2023-03-14,Tuesday,1,11,3,March,1,2023,0
2023-03-15,241,11324.7,46.99045643153527,7226.88,2023-03-15,Wednesday,2,11,3,March,1,2023,0
2023-03-16,241,11241.4,46.6448132780083,7179.49,2023-03-16,Thursday,3,11,3,March,1,2023,0
2023-03-17,241,11771.9,48.8460580912863,7493.92,2023-03-17,Friday,4,11,3,March,1,2023,0
2023-03-18,188,8629.3,45.90053191489361,5480.04,2023-03-18,Saturday,5,11,3,March,1,2023,1
2023-03-19,183,8398.7,45.89453551912569,5369.05,2023-03-19,Sunday,6,11,3,March,1,2023,1
2023-03-20,260,12404.3,47.70884615384615,7883.28,2023-03-20,Monday,0,12,3,March,1,2023,0
2023-03-21,282,13202.2,46.816312056737594,8417.57,2023-03-21,Tuesday,1,12,3,March,1,2023,0
2023-03-22,236,11025.2,46.71694915254238,7030.05,2023-03-22,Wednesday,2,12,3,March,1,2023,0
2023-03-23,252,11640.6,46.19285714285714,7499.82,2023-03-23,Thursday,3,12,3,March,1,2023,0
2023-03-24,279,13554.5,48.58243727598566,8680.1,2023-03-24,Friday,4,12,3,March,1,2023,0
2023-03-25,196,8831.2,45.057142857142864,5678.13,2023-03-25,Saturday,5,12,3,March,1,2023,1
2023-03-26,184,8998.0,48.90217391304348,5746.32,2023-03-26,Sunday,6,12,3,March,1,2023,1
2023-03-27,277,13146.8,47.461371841155234,8322.49,2023-03-27,Monday,0,13,3,March,1,2023,0
2023-03-28,260,11690.9,44.964999999999996,7452.46,2023-03-28,Tuesday,1,13,3,March,1,2023,0
2023-03-29,253,11846.9,46.82569169960474,7518.75,2023-03-29,Wednesday,2,13,3,March,1,2023,0
2023-03-30,268,12794.1,47.739179104477614,8233.42,2023-03-30,Thursday,3,13,3,March,1,2023,0
2023-03-31,251,11637.2,46.36334661354582,7449.64,2023-03-31,Friday,4,13,3,March,1,2023,0
2023-04-01,166,7811.7,47.05843373493976,5001.07,2023-04-01,Saturday,5,13,4,April,2,2023,1
2023-04-02,177,8664.3,48.95084745762711,5566.54,2023-04-02,Sunday,6,13,4,April,2,2023,1
2023-04-03,279,13174.9,47.221863799283156,8373.73,2023-04-03,Monday,0,14,4,April,2,2023,0
2023-04-04,254,12418.2,48.89055118110237,7983.15,2023-04-04,Tuesday,1,14,4,April,2,2023,0
2023-04-05,259,12221.2,47.18610038610039,7799.31,2023-04-05,Wednesday,2,14,4,April,2,2023,0
2023-04-06,227,10378.0,45.71806167400881,6630.25,2023-04-06,Thursday,3,14,4,April,2,2023,0
2023-04-07,253,11860.5,46.8794466403162,7581.06,2023-04-07,Friday,4,14,4,April,2,2023,0
2023-04-08,195,8916.4,45.7251282051282,5734.43,2023-04-08,Saturday,5,14,4,April,2,2023,1
2023-04-09,192,8966.8,46.70208333333333,5776.6,2023-04-09,Sunday,6,14,4,April,2,2023,1
2023-04-10,255,11635.8,45.63058823529411,7439.31,2023-04-10,Monday,0,15,4,April,2,2023,0
2023-04-11,258,11778.5,45.6531007751938,7587.38,2023-04-11,Tuesday,1,15,4,April,2,2023,0
2023-04-12,247,11887.4,48.12712550607287,7560.69,2023-04-12,Wednesday,2,15,4,April,2,2023,0
2023-04-13,274,13057.6,47.65547445255475,8455.08,2023-04-13,Thursday,3,15,4,April,2,2023,0
2023-04-14,244,11584.8,47.47868852459016,7388.64,2023-04-14,Friday,4,15,4,April,2,2023,0
2023-04-15,193,9532.6,49.391709844559585,6077.72,2023-04-15,Saturday,5,15,4,April,2,2023,1
2023-04-16,190,8805.7,46.34578947368421,5615.15,2023-04-16,Sunday,6,15,4,April,2,2023,1
2023-04-17,245,11434.8,46.67265306122449,7355.7,2023-04-17,Monday,0,16,4,April,2,2023,0
2023-04-18,284,13449.1,47.35598591549296,8615.37,2023-04-18,Tuesday,1,16,4,April,2,2023,0
2023-04-19,262,12342.6,47.109160305343515,7838.14,2023-04-19,Wednesday,2,16,4,April,2,2023,0
2023-04-20,248,11572.7,46.664112903225806,7388.03,2023-04-20,Thursday,3,16,4,April,2,2023,0
2023-04-21,241,11531.1,47.84688796680498,7419.74,2023-04-21,Friday,4,16,4,April,2,2023,0
2023-04-22,190,8910.4,46.896842105263154,5752.25,2023-04-22,Saturday,5,16,4,April,2,2023,1
2023-04-23,206,9619.1,46.69466019417476,6221.29,2023-04-23,Sunday,6,16,4,April,2,2023,1
2023-04-24,245,11434.9,46.67306122448979,7297.74,2023-04-24,Monday,0,17,4,April,2,2023,0
2023-04-25,227,10436.2,45.97444933920705,6622.12,2023-04-25,Tuesday,1,17,4,April,2,2023,0
2023-04-26,244,11387.3,46.669262295081964,7291.4,2023-04-26,Wednesday,2,17,4,April,2,2023,0
2023-04-27,240,11771.9,49.04958333333333,7484.9,2023-04-27,Thursday,3,17,4,April,2,2023,0
2023-04-28,253,12167.8,48.09407114624506,7795.51,2023-04-28,Friday,4,17,4,April,2,2023,0
2023-04-29,184,8245.5,44.8125,5281.04,2023-04-29,Saturday,5,17,4,April,2,2023,1
2023-04-30,185,8502.4,45.95891891891892,5465.32,2023-04-30,Sunday,6,17,4,April,2,2023,1
2023-05-01,255,11483.9,45.03490196078431,7336.69,2023-05-01,Monday,0,18,5,May,2,2023,0
2023-05-02,263,12211.5,46.43155893536122,7804.54,2023-05-02,Tuesday,1,18,5,May,2,2023,0
2023-05-03,230,10828.6,47.08086956521739,6834.66,2023-05-03,Wednesday,2,18,5,May,2,2023,0
2023-05-04,260,12509.4,48.113076923076925,7981.29,2023-05-04,Thursday,3,18,5,May,2,2023,0
2023-05-05,242,11538.6,47.6801652892562,7396.22,2023-05-05,Friday,4,18,5,May,2,2023,0
2023-05-06,178,8581.2,48.208988764044946,5492.05,2023-05-06,Saturday,5,18,5,May,2,2023,1
2023-05-07,182,8635.9,47.449999999999996,5492.35,2023-05-07,Sunday,6,18,5,May,2,2023,1
2023-05-08,254,11302.8,44.499212598425196,7262.36,2023-05-08,Monday,0,19,5,May,2,2023,0
2023-05-09,243,11957.3,49.20699588477366,7561.0,2023-05-09,Tuesday,1,19,5,May,2,2023,0
2023-05-10,258,11928.2,46.233333333333334,7667.84,2023-05-10,Wednesday,2,19,5,May,2,2023,0
2023-05-11,236,11193.1,47.42838983050848,7176.84,2023-05-11,Thursday,3,19,5,May,2,2023,0
2023-05-12,257,11771.7,45.804280155642026,7513.59,2023-05-12,Friday,4,19,5,May,2,2023,0
2023-05-13,193,8852.2,45.866321243523316,5714.67,2023-05-13,Saturday,5,19,5,May,2,2023,1
2023-05-14,194,8991.6,46.348453608247425,5789.68,2023-05-14,Sunday,6,19,5,May,2,2023,1
2023-05-15,242,11548.0,47.71900826446281,7338.13,2023-05-15,Monday,0,20,5,May,2,2023,0
2023-05-16,235,10799.4,45.95489361702128,6900.83,2023-05-16,Tuesday,1,20,5,May,2,2023,0
2023-05-17,242,11931.4,49.30330578512397,7729.07,2023-05-17,Wednesday,2,20,5,May,2,2023,0
2023-05-18,244,12180.6,49.92049180327869,7762.65,2023-05-18,Thursday,3,20,5,May,2,2023,0
2023-05-19,288,13581.8,47.15902777777777,8637.9,2023-05-19,Friday,4,20,5,May,2,2023,0
2023-05-20,181,8570.0,47.348066298342545,5463.8,2023-05-20,Saturday,5,20,5,May,2,2023,1
2023-05-21,186,8465.1,45.51129032258065,5372.41,2023-05-21,Sunday,6,20,5,May,2,2023,1
2023-05-22,279,13131.8,47.0673835125448,8426.77,2023-05-22,Monday,0,21,5,May,2,2023,0
2023-05-23,278,13127.5,47.22122302158273,8346.5,2023-05-23,Tuesday,1,21,5,May,2,2023,0
2023-05-24,248,11327.2,45.6741935483871,7275.78,2023-05-24,Wednesday,2,21,5,May,2,2023,0
2023-05-25,280,13334.5,47.62321428571428,8523.39,2023-05-25,Thursday,3,21,5,May,2,2023,0
2023-05-26,242,11562.1,47.77727272727273,7456.01,2023-05-26,Friday,4,21,5,May,2,2023,0
2023-05-27,182,8472.2,46.550549450549454,5411.2699999999995,2023-05-27,Saturday,5,21,5,May,2,2023,1
2023-05-28,195,9366.5,48.03333333333333,6001.61,2023-05-28,Sunday,6,21,5,May,2,2023,1
2023-05-29,261,12248.0,46.9272030651341,7918.25,2023-05-29,Monday,0,22,5,May,2,2023,0
2023-05-30,237,10836.0,45.721518987341774,6908.06,2023-05-30,Tuesday,1,22,5,May,2,2023,0
2023-05-31,261,12400.7,47.51226053639847,7946.25,2023-05-31,Wednesday,2,22,5,May,2,2023,0
2023-06-01,248,11383.4,45.9008064516129,7274.9,2023-06-01,Thursday,3,22,6,June,2,2023,0
2023-06-02,270,13147.8,48.69555555555555,8404.3,2023-06-02,Friday,4,22,6,June,2,2023,0
2023-06-03,195,8992.0,46.11282051282051,5690.73,2023-06-03,Saturday,5,22,6,June,2,2023,1
2023-06-04,168,7716.7,45.93273809523809,4852.47,2023-06-04,Sunday,6,22,6,June,2,2023,1
2023-06-05,269,12991.9,48.297026022304834,8240.8,2023-06-05,Monday,0,23,6,June,2,2023,0
2023-06-06,260,12573.1,48.35807692307692,8007.47,2023-06-06,Tuesday,1,23,6,June,2,2023,0
2023-06-07,245,11928.9,48.68938775510204,7604.9800000000005,2023-06-07,Wednesday,2,23,6,June,2,2023,0
2023-06-08,259,12268.0,47.366795366795365,7813.01,2023-06-08,Thursday,3,23,6,June,2,2023,0
2023-06-09,256,11637.0,45.45703125,7426.71,2023-06-09,Friday,4,23,6,June,2,2023,0
2023-06-10,180,8798.5,48.88055555555555,5601.68,2023-06-10,Saturday,5,23,6,June,2,2023,1
2023-06-11,169,8208.1,48.56863905325444,5247.15,2023-06-11,Sunday,6,23,6,June,2,2023,1
2023-06-12,268,12559.1,46.86231343283582,8009.58,2023-06-12,Monday,0,24,6,June,2,2023,0
2023-06-13,264,11986.8,45.40454545454545,7623.92,2023-06-13,Tuesday,1,24,6,June,2,2023,0
2023-06-14,257,12112.6,47.130739299610894,7698.97,2023-06-14,Wednesday,2,24,6,June,2,2023,0
2023-06-15,243,11473.3,47.215226337448556,7329.5,2023-06-15,Thursday,3,24,6,June,2,2023,0
2023-06-16,260,12183.5,46.85961538461538,7846.47,2023-06-16,Friday,4,24,6,June,2,2023,0
2023-06-17,190,9125.2,48.027368421052635,5843.03,2023-06-17,Saturday,5,24,6,June,2,2023,1
2023-06-18,200,9233.0,46.165,5898.62,2023-06-18,Sunday,6,24,6,June,2,2023,1
2023-06-19,240,11240.6,46.83583333333333,7138.71,2023-06-19,Monday,0,25,6,June,2,2023,0
2023-06-20,250,11744.7,46.9788,7520.45,2023-06-20,Tuesday,1,25,6,June,2,2023,0
2023-06-21,241,11659.1,48.37800829875519,7446.5,2023-06-21,Wednesday,2,25,6,June,2,2023,0
2023-06-22,263,12767.5,48.545627376425855,8180.66,2023-06-22,Thursday,3,25,6,June,2,2023,0
2023-06-23,254,12177.5,47.94291338582677,7782.32,2023-06-23,Friday,4,25,6,June,2,2023,0
2023-06-24,172,7989.7,46.45174418604651,5082.94,2023-06-24,Saturday,5,25,6,June,2,2023,1
2023-06-25,197,9163.5,46.515228426395936,5848.76,2023-06-25,Sunday,6,25,6,June,2,2023,1
2023-06-26,250,12043.3,48.173199999999994,7691.79,2023-06-26,Monday,0,26,6,June,2,2023,0
2023-06-27,264,12645.4,47.89924242424242,8068.32,2023-06-27,Tuesday,1,26,6,June,2,2023,0
2023-06-28,276,13308.3,48.21847826086956,8495.73,2023-06-28,Wednesday,2,26,6,June,2,2023,0
2023-06-29,263,12085.9,45.95399239543726,7787.1,2023-06-29,Thursday,3,26,6,June,2,2023,0
2023-06-30,260,12474.7,47.979615384615386,7928.15,2023-06-30,Friday,4,26,6,June,2,2023,0
2023-07-01,194,9460.3,48.76443298969072,6123.86,2023-07-01,Saturday,5,26,7,July,3,2023,1
2023-07-02,192,8668.7,45.14947916666667,5481.41,2023-07-02,Sunday,6,26,7,July,3,2023,1
2023-07-03,247,12043.7,48.759919028340086,7639.9,2023-07-03,Monday,0,27,7,July,3,2023,0
2023-07-04,270,12329.3,45.66407407407407,7900.07,2023-07-04,Tuesday,1,27,7,July,3,2023,0
2023-07-05,244,11190.9,45.86434426229508,7148.45,2023-07-05,Wednesday,2,27,7,July,3,2023,0
2023-07-06,238,11220.2,47.1436974789916,7147.68,2023-07-06,Thursday,3,27,7,July,3,2023,0
2023-07-07,258,12307.1,47.701937984496126,7863.43,2023-07-07,Friday,4,27,7,July,3,2023,0
2023-07-08,189,8721.4,46.144973544973546,5583.65,2023-07-08,Saturday,5,27,7,July,3,2023,1
2023-07-09,193,9310.9,48.24300518134715,5992.97,2023-07-09,Sunday,6,27,7,July,3,2023,1
2023-07-10,263,12654.9,48.117490494296575,8059.26,2023-07-10,Monday,0,28,7,July,3,2023,0
2023-07-11,237,10597.5,44.71518987341772,6737.47,2023-07-11,Tuesday,1,28,7,July,3,2023,0
2023-07-12,242,11219.6,46.36198347107438,7191.31,2023-07-12,Wednesday,2,28,7,July,3,2023,0
2023-07-13,269,13255.3,49.27620817843866,8385.03,2023-07-13,Thursday,3,28,7,July,3,2023,0
2023-07-14,236,11382.6,48.23135593220339,7283.15,2023-07-14,Friday,4,28,7,July,3,2023,0
2023-07-15,196,9282.7,47.36071428571429,5956.87,2023-07-15,Saturday,5,28,7,July,3,2023,1
2023-07-16,193,8942.0,46.33160621761658,5660.47,2023-07-16,Sunday,6,28,7,July,3,2023,1
2023-07-17,231,11099.2,48.048484848484854,7089.8,2023-07-17,Monday,0,29,7,July,3,2023,0
2023-07-18,247,11611.0,47.008097165991906,7392.73,2023-07-18,Tuesday,1,29,7,July,3,2023,0
2023-07-19,257,11881.6,46.23190661478599,7601.38,2023-07-19,Wednesday,2,29,7,July,3,2023,0
2023-07-20,243,11333.3,46.639094650205756,7227.15,2023-07-20,Thursday,3,29,7,July,3,2023,0
2023-07-21,283,13067.2,46.17385159010601,8407.62,2023-07-21,Friday,4,29,7,July,3,2023,0
2023-07-22,195,9092.1,46.62615384615385,5855.91,2023-07-22,Saturday,5,29,7,July,3,2023,1
2023-07-23,189,8831.9,46.72962962962963,5612.26,2023-07-23,Sunday,6,29,7,July,3,2023,1
2023-07-24,288,13807.1,47.941319444444446,8852.22,2023-07-24,Monday,0,30,7,July,3,2023,0
2023-07-25,269,12795.4,47.566542750929365,8143.75,2023-07-25,Tuesday,1,30,7,July,3,2023,0
2023-07-26,265,13004.5,49.073584905660375,8268.56,2023-07-26,Wednesday,2,30,7,July,3,2023,0
2023-07-27,249,12595.3,50.583534136546184,7994.63,2023-07-27,Thursday,3,30,7,July,3,2023,0
2023-07-28,234,11237.2,48.022222222222226,7228.06,2023-07-28,Friday,4,30,7,July,3,2023,0
2023-07-29,182,8562.8,47.04835164835164,5504.01,2023-07-29,Saturday,5,30,7,July,3,2023,1
2023-07-30,184,8442.4,45.88260869565217,5402.34,2023-07-30,Sunday,6,30,7,July,3,2023,1
2023-07-31,256,11967.3,46.747265625,7596.04,2023-07-31,Monday,0,31,7,July,3,2023,0
2023-08-01,271,12701.5,46.8690036900369,8055.9,2023-08-01,Tuesday,1,31,8,August,3,2023,0
2023-08-02,258,11957.1,46.3453488372093,7642.35,2023-08-02,Wednesday,2,31,8,August,3,2023,0
2023-08-03,232,11247.7,48.48146551724138,7229.39,2023-08-03,Thursday,3,31,8,August,3,2023,0
2023-08-04,247,11281.8,45.675303643724696,7211.45,2023-08-04,Friday,4,31,8,August,3,2023,0
2023-08-05,204,9444.1,46.29460784313726,6047.54,2023-08-05,Saturday,5,31,8,August,3,2023,1
2023-08-06,184,8569.4,46.57282608695652,5540.54,2023-08-06,Sunday,6,31,8,August,3,2023,1
2023-08-07,252,11877.5,47.132936507936506,7618.31,2023-08-07,Monday,0,32,8,August,3,2023,0
2023-08-08,236,11211.8,47.507627118644066,7115.38,2023-08-08,Tuesday,1,32,8,August,3,2023,0
2023-08-09,250,11592.4,46.3696,7344.77,2023-08-09,Wednesday,2,32,8,August,3,2023,0
2023-08-10,264,12326.2,46.69015151515152,7839.48,2023-08-10,Thursday,3,32,8,August,3,2023,0
2023-08-11,268,12222.2,45.605223880597016,7840.94,2023-08-11,Friday,4,32,8,August,3,2023,0
2023-08-12,197,9512.3,48.28578680203045,6043.07,2023-08-12,Saturday,5,32,8,August,3,2023,1
2023-08-13,210,10197.8,48.56095238095238,6453.08,2023-08-13,Sunday,6,32,8,August,3,2023,1
2023-08-14,239,11307.9,47.31338912133891,7247.16,2023-08-14,Monday,0,33,8,August,3,2023,0
2023-08-15,244,11785.8,48.30245901639344,7563.48,2023-08-15,Tuesday,1,33,8,August,3,2023,0
2023-08-16,238,11495.0,48.29831932773109,7387.56,2023-08-16,Wednesday,2,33,8,August,3,2023,0
2023-08-17,251,11341.3,45.18446215139442,7259.12,2023-08-17,Thursday,3,33,8,August,3,2023,0
2023-08-18,229,10783.3,47.0886462882096,6904.7,2023-08-18,Friday,4,33,8,August,3,2023,0
2023-08-19,193,8994.7,46.604663212435234,5747.46,2023-08-19,Saturday,5,33,8,August,3,2023,1
2023-08-20,186,8536.0,45.89247311827957,5483.98,2023-08-20,Sunday,6,33,8,August,3,2023,1
2023-08-21,251,11717.2,46.682071713147415,7575.78,2023-08-21,Monday,0,34,8,August,3,2023,0
2023-08-22,282,12777.2,45.309219858156034,8156.43,2023-08-22,Tuesday,1,34,8,August,3,2023,0
2023-08-23,253,11153.8,44.086166007905135,7139.41,2023-08-23,Wednesday,2,34,8,August,3,2023,0
2023-08-24,256,12403.1,48.449609375,7914.76,2023-08-24,Thursday,3,34,8,August,3,2023,0
2023-08-25,257,11757.7,45.74980544747082,7543.68,2023-08-25,Friday,4,34,8,August,3,2023,0
2023-08-26,188,8810.0,46.861702127659576,5637.06,2023-08-26,Saturday,5,34,8,August,3,2023,1
2023-08-27,182,8430.2,46.31978021978022,5384.22,2023-08-27,Sunday,6,34,8,August,3,2023,1
2023-08-28,258,11809.1,45.77170542635659,7511.68,2023-08-28,Monday,0,35,8,August,3,2023,0
2023-08-29,267,12606.6,47.215730337078654,8069.89,2023-08-29,Tuesday,1,35,8,August,3,2023,0
2023-08-30,267,12782.4,47.87415730337079,8156.35,2023-08-30,Wednesday,2,35,8,August,3,2023,0
2023-08-31,287,13074.1,45.55435540069686,8318.960000000001,2023-08-31,Thursday,3,35,8,August,3,2023,0
2023-09-01,246,11682.6,47.490243902439026,7495.59,2023-09-01,Friday,4,35,9,September,3,2023,0
2023-09-02,188,8698.1,46.26648936170213,5578.28,2023-09-02,Saturday,5,35,9,September,3,2023,1
2023-09-03,188,9212.6,49.003191489361704,5892.63,2023-09-03,Sunday,6,35,9,September,3,2023,1
2023-09-04,252,11614.6,46.08968253968254,7491.43,2023-09-04,Monday,0,36,9,September,3,2023,0
2023-09-05,276,13018.3,47.1677536231884,8387.5,2023-09-05,Tuesday,1,36,9,September,3,2023,0
2023-09-06,247,11638.6,47.119838056680166,7421.67,2023-09-06,Wednesday,2,36,9,September,3,2023,0
2023-09-07,251,12031.6,47.93466135458168,7685.91,2023-09-07,Thursday,3,36,9,September,3,2023,0
2023-09-08,250,12020.2,48.0808,7702.81,2023-09-08,Friday,4,36,9,September,3,2023,0
2023-09-09,193,8372.7,43.3818652849741,5386.32,2023-09-09,Saturday,5,36,9,September,3,2023,1
2023-09-10,181,8751.0,48.348066298342545,5569.59,2023-09-10,Sunday,6,36,9,September,3,2023,1
2023-09-11,243,11392.1,46.88106995884774,7335.48,2023-09-11,Monday,0,37,9,September,3,2023,0
2023-09-12,271,12686.4,46.813284132841325,8170.25,2023-09-12,Tuesday,1,37,9,September,3,2023,0
2023-09-13,265,12380.9,46.720377358490566,7868.75,2023-09-13,Wednesday,2,37,9,September,3,2023,0
2023-09-14,254,12148.9,47.83031496062992,7807.69,2023-09-14,Thursday,3,37,9,September,3,2023,0
2023-09-15,256,11495.3,44.903515625,7358.83,2023-09-15,Friday,4,37,9,September,3,2023,0
2023-09-16,190,9522.0,50.11578947368421,6090.01,2023-09-16,Saturday,5,37,9,September,3,2023,1
2023-09-17,183,8961.8,48.97158469945355,5776.37,2023-09-17,Sunday,6,37,9,September,3,2023,1
2023-09-18,263,12569.5,47.79277566539924,8074.64,2023-09-18,Monday,0,38,9,September,3,2023,0
2023-09-19,233,10301.4,44.21201716738197,6583.56,2023-09-19,Tuesday,1,38,9,September,3,2023,0
2023-09-20,230,10861.7,47.224782608695655,6911.48,2023-09-20,Wednesday,2,38,9,September,3,2023,0
2023-09-21,261,12388.2,47.46436781609196,7909.74,2023-09-21,Thursday,3,38,9,September,3,2023,0
2023-09-22,248,11564.4,46.630645161290325,7379.13,2023-09-22,Friday,4,38,9,September,3,2023,0
2023-09-23,180,8002.4,44.45777777777778,5188.66,2023-09-23,Saturday,5,38,9,September,3,2023,1
2023-09-24,207,10166.7,49.11449275362319,6446.7,2023-09-24,Sunday,6,38,9,September,3,2023,1
2023-09-25,268,12514.0,46.69402985074627,7988.32,2023-09-25,Monday,0,39,9,September,3,2023,0
2023-09-26,248,12223.3,49.287499999999994,7775.36,2023-09-26,Tuesday,1,39,9,September,3,2023,0
2023-09-27,271,12732.5,46.98339483394834,8118.28,2023-09-27,Wednesday,2,39,9,September,3,2023,0
2023-09-28,264,12739.7,48.256439393939395,8160.3099999999995,2023-09-28,Thursday,3,39,9,September,3,2023,0
2023-09-29,250,11248.7,44.994800000000005,7149.02,2023-09-29,Friday,4,39,9,September,3,2023,0
2023-09-30,180,8264.0,45.91111111111111,5276.32,2023-09-30,Saturday,5,39,9,September,3,2023,1
2023-10-01,189,8768.2,46.3925925925926,5589.61,2023-10-01,Sunday,6,39,10,October,4,2023,1
2023-10-02,259,12284.8,47.43166023166023,7902.96,2023-10-02,Monday,0,40,10,October,4,2023,0
2023-10-03,251,11325.3,45.1207171314741,7291.36,2023-10-03,Tuesday,1,40,10,October,4,2023,0
2023-10-04,256,12162.2,47.50859375,7727.3,2023-10-04,Wednesday,2,40,10,October,4,2023,0
2023-10-05,221,10671.8,48.288687782805425,6817.86,2023-10-05,Thursday,3,40,10,October,4,2023,0
2023-10-06,217,10140.4,46.729953917050686,6524.01,2023-10-06,Friday,4,40,10,October,4,2023,0
2023-10-07,193,9119.2,47.24974093264249,5779.81,2023-10-07,Saturday,5,40,10,October,4,2023,1
2023-10-08,191,9185.2,48.09005235602095,5884.43,2023-10-08,Sunday,6,40,10,October,4,2023,1
2023-10-09,255,11823.1,46.36509803921569,7599.57,2023-10-09,Monday,0,41,10,October,4,2023,0
2023-10-10,262,12371.3,47.21870229007633,7950.08,2023-10-10,Tuesday,1,41,10,October,4,2023,0
2023-10-11,259,11859.5,45.78957528957529,7553.28,2023-10-11,Wednesday,2,41,10,October,4,2023,0
2023-10-12,225,10713.6,47.616,6808.99,2023-10-12,Thursday,3,41,10,October,4,2023,0
2023-10-13,247,11665.4,47.228340080971655,7430.88,2023-10-13,Friday,4,41,10,October,4,2023,0
2023-10-14,190,8757.3,46.09105263157895,5573.65,2023-10-14,Saturday,5,41,10,October,4,2023,1
2023-10-15,177,8254.0,46.632768361581924,5230.15,2023-10-15,Sunday,6,41,10,October,4,2023,1
2023-10-16,245,11650.6,47.5534693877551,7425.85,2023-10-16,Monday,0,42,10,October,4,2023,0
2023-10-17,256,11650.0,45.5078125,7458.2,2023-10-17,Tuesday,1,42,10,October,4,2023,0
2023-10-18,225,10510.3,46.71244444444444,6742.05,2023-10-18,Wednesday,2,42,10,October,4,2023,0
2023-10-19,270,12369.2,45.811851851851856,7928.4,2023-10-19,Thursday,3,42,10,October,4,2023,0
2023-10-20,274,12905.6,47.1007299270073,8231.67,2023-10-20,Friday,4,42,10,October,4,2023,0
2023-10-21,168,7967.7,47.426785714285714,5031.5,2023-10-21,Saturday,5,42,10,October,4,2023,1
2023-10-22,175,7863.1,44.932,5008.64,2023-10-22,Sunday,6,42,10,October,4,2023,1
2023-10-23,261,12302.1,47.13448275862069,7791.04,2023-10-23,Monday,0,43,10,October,4,2023,0
2023-10-24,275,13304.5,48.38,8480.13,2023-10-24,Tuesday,1,43,10,October,4,2023,0
2023-10-25,267,12959.5,48.5374531835206,8306.99,2023-10-25,Wednesday,2,43,10,October,4,2023,0
2023-10-26,262,12268.0,46.82442748091603,7788.41,2023-10-26,Thursday,3,43,10,October,4,2023,0
2023-10-27,263,11635.8,44.2425855513308,7414.22,2023-10-27,Friday,4,43,10,October,4,2023,0
2023-10-28,178,8385.4,47.108988764044945,5369.84,2023-10-28,Saturday,5,43,10,October,4,2023,1
2023-10-29,188,8922.4,47.4595744680851,5723.62,2023-10-29,Sunday,6,43,10,October,4,2023,1
2023-10-30,271,12894.6,47.58154981549816,8234.93,2023-10-30,Monday,0,44,10,October,4,2023,0
2023-10-31,246,11500.3,46.74918699186991,7401.27,2023-10-31,Tuesday,1,44,10,October,4,2023,0
2023-11-01,269,12739.8,47.35985130111524,8113.47,2023-11-01,Wednesday,2,44,11,November,4,2023,0
2023-11-02,259,12148.0,46.9034749034749,7817.49,2023-11-02,Thursday,3,44,11,November,4,2023,0
2023-11-03,258,11370.0,44.06976744186046,7245.47,2023-11-03,Friday,4,44,11,November,4,2023,0
2023-11-04,199,8960.6,45.02814070351759,5686.14,2023-11-04,Saturday,5,44,11,November,4,2023,1
2023-11-05,196,9351.4,47.71122448979592,6039.23,2023-11-05,Sunday,6,44,11,November,4,2023,1
2023-11-06,272,12759.2,46.90882352941177,8119.76,2023-11-06,Monday,0,45,11,November,4,2023,0
2023-11-07,247,11210.6,45.38704453441296,7167.08,2023-11-07,Tuesday,1,45,11,November,4,2023,0
2023-11-08,260,12144.9,46.71115384615384,7787.46,2023-11-08,Wednesday,2,45,11,November,4,2023,0
2023-11-09,270,12568.8,46.551111111111105,8018.55,2023-11-09,Thursday,3,45,11,November,4,2023,0
2023-11-10,254,11893.1,46.823228346456695,7615.9,2023-11-10,Friday,4,45,11,November,4,2023,0
2023-11-11,207,9881.5,47.73671497584541,6335.44,2023-11-11,Saturday,5,45,11,November,4,2023,1
2023-11-12,184,9292.3,50.501630434782605,5920.62,2023-11-12,Sunday,6,45,11,November,4,2023,1
2023-11-13,263,12607.9,47.938783269961974,8063.95,2023-11-13,Monday,0,46,11,November,4,2023,0
2023-11-14,245,11486.2,46.88244897959184,7383.6,2023-11-14,Tuesday,1,46,11,November,4,2023,0
2023-11-15,236,11432.2,48.44152542372882,7351.54,2023-11-15,Wednesday,2,46,11,November,4,2023,0
2023-11-16,269,12478.3,46.38773234200743,8032.98,2023-11-16,Thursday,3,46,11,November,4,2023,0
2023-11-17,257,11719.6,45.601556420233464,7394.02,2023-11-17,Friday,4,46,11,November,4,2023,0
2023-11-18,188,8801.1,46.81436170212766,5618.71,2023-11-18,Saturday,5,46,11,November,4,2023,1
2023-11-19,186,8881.6,47.7505376344086,5651.93,2023-11-19,Sunday,6,46,11,November,4,2023,1
2023-11-20,245,11128.6,45.42285714285715,7140.03,2023-11-20,Monday,0,47,11,November,4,2023,0
2023-11-21,248,11309.6,45.60322580645161,7229.02,2023-11-21,Tuesday,1,47,11,November,4,2023,0
2023-11-22,242,11353.0,46.913223140495866,7275.62,2023-11-22,Wednesday,2,47,11,November,4,2023,0
2023-11-23,240,11140.3,46.41791666666666,7159.45,2023-11-23,Thursday,3,47,11,November,4,2023,0
2023-11-24,267,12176.5,45.60486891385768,7727.67,2023-11-24,Friday,4,47,11,November,4,2023,0
2023-11-25,203,9750.4,48.031527093596054,6220.92,2023-11-25,Saturday,5,47,11,November,4,2023,1
2023-11-26,186,8812.8,47.38064516129032,5643.97,2023-11-26,Sunday,6,47,11,November,4,2023,1
2023-11-27,253,11891.8,47.00316205533596,7653.83,2023-11-27,Monday,0,48,11,November,4,2023,0
2023-11-28,237,11152.3,47.05611814345991,7109.18,2023-11-28,Tuesday,1,48,11,November,4,2023,0
2023-11-29,254,12129.8,47.75511811023622,7744.5,2023-11-29,Wednesday,2,48,11,November,4,2023,0
2023-11-30,260,12135.8,46.676153846153845,7749.87,2023-11-30,Thursday,3,48,11,November,4,2023,0
2023-12-01,274,12733.9,46.474087591240874,8229.56,2023-12-01,Friday,4,48,12,December,4,2023,0
2023-12-02,194,8400.6,43.302061855670104,5367.71,2023-12-02,Saturday,5,48,12,December,4,2023,1
2023-12-03,181,8274.3,45.71436464088397,5310.87,2023-12-03,Sunday,6,48,12,December,4,2023,1
2023-12-04,276,13057.1,47.30833333333334,8358.12,2023-12-04,Monday,0,49,12,December,4,2023,0
2023-12-05,268,12377.8,46.18582089552238,7919.32,2023-12-05,Tuesday,1,49,12,December,4,2023,0
2023-12-06,267,12853.7,48.141198501872665,8186.45,2023-12-06,Wednesday,2,49,12,December,4,2023,0
2023-12-07,253,12313.7,48.670750988142295,7914.86,2023-12-07,Thursday,3,49,12,December,4,2023,0
2023-12-08,260,11928.2,45.877692307692314,7644.35,2023-12-08,Friday,4,49,12,December,4,2023,0
2023-12-09,197,9453.8,47.988832487309644,6084.19,2023-12-09,Saturday,5,49,12,December,4,2023,1
2023-12-10,189,8909.8,47.14179894179894,5719.54,2023-12-10,Sunday,6,49,12,December,4,2023,1
2023-12-11,241,11209.7,46.513278008298755,7169.13,2023-12-11,Monday,0,50,12,December,4,2023,0
2023-12-12,284,13849.3,48.76514084507042,8788.52,2023-12-12,Tuesday,1,50,12,December,4,2023,0
2023-12-13,232,10895.6,46.963793103448275,7026.43,2023-12-13,Wednesday,2,50,12,December,4,2023,0
2023-12-14,277,12755.2,46.04765342960289,8110.06,2023-12-14,Thursday,3,50,12,December,4,2023,0
2023-12-15,264,12433.3,47.09583333333333,7974.71,2023-12-15,Friday,4,50,12,December,4,2023,0
2023-12-16,186,8721.3,46.88870967741935,5571.98,2023-12-16,Saturday,5,50,12,December,4,2023,1
2023-12-17,178,8609.0,48.36516853932584,5548.23,2023-12-17,Sunday,6,50,12,December,4,2023,1
2023-12-18,264,12219.6,46.28636363636364,7790.84,2023-12-18,Monday,0,51,12,December,4,2023,0
2023-12-19,239,11458.9,47.94518828451883,7326.39,2023-12-19,Tuesday,1,51,12,December,4,2023,0
2023-12-20,242,11676.2,48.24876033057851,7489.85,2023-12-20,Wednesday,2,51,12,December,4,2023,0
2023-12-21,232,10981.7,47.33491379310345,7044.95,2023-12-21,Thursday,3,51,12,December,4,2023,0
2023-12-22,239,11336.9,47.4347280334728,7173.4,2023-12-22,Friday,4,51,12,December,4,2023,0
2023-12-23,197,9462.3,48.03197969543147,6057.83,2023-12-23,Saturday,5,51,12,December,4,2023,1
2023-12-24,184,8757.8,47.59673913043478,5573.13,2023-12-24,Sunday,6,51,12,December,4,2023,1
2023-12-25,253,11993.6,47.40553359683795,7598.38,2023-12-25,Monday,0,52,12,December,4,2023,0
2023-12-26,250,11732.9,46.931599999999996,7526.27,2023-12-26,Tuesday,1,52,12,December,4,2023,0
2023-12-27,269,12275.9,45.63531598513011,7866.9,2023-12-27,Wednesday,2,52,12,December,4,2023,0
2023-12-28,279,12776.0,45.7921146953405,8162.44,2023-12-28,Thursday,3,52,12,December,4,2023,0
2023-12-29,258,12407.0,48.08914728682171,8009.41,2023-12-29,Friday,4,52,12,December,4,2023,0
2023-12-30,162,7469.9,46.11049382716049,4753.81,2023-12-30,Saturday,5,52,12,December,4,2023,1
2023-12-31,182,8767.6,48.17362637362638,5552.37,2023-12-31,Sunday,6,52,12,December,4,2023,1
2024-01-01,516,23426.2,45.399612403100775,13735.39,2024-01-01,Monday,0,1,1,January,1,2024,0
2024-01-02,491,22810.4,46.45702647657841,13309.06,2024-01-02,Tuesday,1,1,1,January,1,2024,0
2024-01-03,495,23742.8,47.965252525252524,14038.36,2024-01-03,Wednesday,2,1,1,January,1,2024,0
2024-01-04,500,22586.9,45.1738,13381.68,2024-01-04,Thursday,3,1,1,January,1,2024,0
2024-01-05,464,21274.6,45.85043103448275,12524.9,2024-01-05,Friday,4,1,1,January,1,2024,0
2024-01-06,354,16775.7,47.38898305084746,9923.47,2024-01-06,Saturday,5,1,1,January,1,2024,1
2024-01-07,352,16240.9,46.138920454545456,9510.07,2024-01-07,Sunday,6,1,1,January,1,2024,1
2024-01-08,502,22472.1,44.765139442231074,13248.99,2024-01-08,Monday,0,2,1,January,1,2024,0
2024-01-09,512,23004.5,44.9306640625,13481.56,2024-01-09,Tuesday,1,2,1,January,1,2024,0
2024-01-10,473,22528.0,47.627906976744185,13157.91,2024-01-10,Wednesday,2,2,1,January,1,2024,0
2024-01-11,471,22274.4,47.291719745222935,13112.3,2024-01-11,Thursday,3,2,1,January,1,2024,0
2024-01-12,519,23826.8,45.90905587668593,13943.52,2024-01-12,Friday,4,2,1,January,1,2024,0
2024-01-13,363,17102.8,47.11515151515151,10158.93,2024-01-13,Saturday,5,2,1,January,1,2024,1
2024-01-14,362,17081.0,47.18508287292818,10023.77,2024-01-14,Sunday,6,2,1,January,1,2024,1
2024-01-15,486,22447.3,46.187860082304525,13215.5,2024-01-15,Monday,0,3,1,January,1,2024,0
2024-01-16,502,22613.0,45.04581673306773,13196.72,2024-01-16,Tuesday,1,3,1,January,1,2024,0
2024-01-17,490,22166.0,45.23673469387755,13024.81,2024-01-17,Wednesday,2,3,1,January,1,2024,0
2024-01-18,487,22270.6,45.73018480492813,13111.1,2024-01-18,Thursday,3,3,1,January,1,2024,0
2024-01-19,483,22174.2,45.90931677018634,12959.84,2024-01-19,Friday,4,3,1,January,1,2024,0
2024-01-20,365,17100.8,46.851506849315065,10089.92,2024-01-20,Saturday,5,3,1,January,1,2024,1
2024-01-21,370,16950.2,45.811351351351355,9953.08,2024-01-21,Sunday,6,3,1,January,1,2024,1
2024-01-22,487,22500.3,46.20184804928131,13180.04,2024-01-22,Monday,0,4,1,January,1,2024,0
2024-01-23,500,23329.9,46.659800000000004,13676.36,2024-01-23,Tuesday,1,4,1,January,1,2024,0
2024-01-24,515,24297.3,47.179223300970875,14364.63,2024-01-24,Wednesday,2,4,1,January,1,2024,0
2024-01-25,505,23494.4,46.52356435643565,13828.17,2024-01-25,Thursday,3,4,1,January,1,2024,0
2024-01-26,487,22624.9,46.45770020533881,13348.46,2024-01-26,Friday,4,4,1,January,1,2024,0
2024-01-27,376,17137.6,45.578723404255314,10018.65,2024-01-27,Saturday,5,4,1,January,1,2024,1
2024-01-28,342,16077.8,47.011111111111106,9475.68,2024-01-28,Sunday,6,4,1,January,1,2024,1
2024-01-29,519,24339.8,46.89749518304431,14327.54,2024-01-29,Monday,0,5,1,January,1,2024,0
2024-01-30,506,23552.2,46.54584980237154,13867.91,2024-01-30,Tuesday,1,5,1,January,1,2024,0
2024-01-31,501,22855.3,45.61936127744511,13458.6,2024-01-31,Wednesday,2,5,1,January,1,2024,0
2024-02-01,490,22655.2,46.23510204081633,13277.57,2024-02-01,Thursday,3,5,2,February,1,2024,0
2024-02-02,524,23962.7,45.730343511450386,14037.84,2024-02-02,Friday,4,5,2,February,1,2024,0
2024-02-03,363,16857.8,46.44022038567493,9911.75,2024-02-03,Saturday,5,5,2,February,1,2024,1
2024-02-04,356,16587.8,46.594943820224714,9764.97,2024-02-04,Sunday,6,5,2,February,1,2024,1
2024-02-05,488,22393.2,45.88770491803279,13077.92,2024-02-05,Monday,0,6,2,February,1,2024,0
2024-02-06,506,23731.8,46.90079051383399,13976.6,2024-02-06,Tuesday,1,6,2,February,1,2024,0
2024-02-07,541,25297.0,46.759704251386324,14896.06,2024-02-07,Wednesday,2,6,2,February,1,2024,0
2024-02-08,511,23639.4,46.26105675146771,13839.87,2024-02-08,Thursday,3,6,2,February,1,2024,0
2024-02-09,495,22796.9,46.05434343434344,13354.5,2024-02-09,Friday,4,6,2,February,1,2024,0
2024-02-10,365,16773.7,45.955342465753425,9862.1,2024-02-10,Saturday,5,6,2,February,1,2024,1
2024-02-11,363,16682.2,45.9564738292011,9804.66,2024-02-11,Sunday,6,6,2,February,1,2024,1
2024-02-12,468,21913.9,46.82457264957265,12771.85,2024-02-12,Monday,0,7,2,February,1,2024,0
2024-02-13,496,23169.1,46.71189516129032,13608.42,2024-02-13,Tuesday,1,7,2,February,1,2024,0
2024-02-14,490,22786.0,46.50204081632653,13332.460000000001,2024-02-14,Wednesday,2,7,2,February,1,2024,0
2024-02-15,521,24672.9,47.35681381957774,14434.26,2024-02-15,Thursday,3,7,2,February,1,2024,0
2024-02-16,520,24215.8,46.56884615384615,14237.74,2024-02-16,Friday,4,7,2,February,1,2024,0
2024-02-17,343,16028.4,46.73002915451895,9432.5,2024-02-17,Saturday,5,7,2,February,1,2024,1
2024-02-18,352,16041.6,45.57272727272727,9374.03,2024-02-18,Sunday,6,7,2,February,1,2024,1
2024-02-19,485,22260.5,45.8979381443299,13146.36,2024-02-19,Monday,0,8,2,February,1,2024,0
2024-02-20,503,23362.3,46.44592445328032,13639.81,2024-02-20,Tuesday,1,8,2,February,1,2024,0
2024-02-21,494,23074.9,46.71032388663968,13543.95,2024-02-21,Wednesday,2,8,2,February,1,2024,0
2024-02-22,501,23493.3,46.89281437125749,13873.34,2024-02-22,Thursday,3,8,2,February,1,2024,0
2024-02-23,505,23775.8,47.08079207920792,14010.4,2024-02-23,Friday,4,8,2,February,1,2024,0
2024-02-24,369,17059.3,46.231165311653115,10134.789999999999,2024-02-24,Saturday,5,8,2,February,1,2024,1
2024-02-25,361,16766.0,46.443213296398895,9865.26,2024-02-25,Sunday,6,8,2,February,1,2024,1
2024-02-26,512,23720.2,46.328515625,13988.17,2024-02-26,Monday,0,9,2,February,1,2024,0
2024-02-27,487,22372.4,45.93921971252567,13161.04,2024-02-27,Tuesday,1,9,2,February,1,2024,0
2024-02-28,476,22063.1,46.351050420168065,12985.54,2024-02-28,Wednesday,2,9,2,February,1,2024,0
2024-02-29,519,24308.8,46.83776493256262,14321.72,2024-02-29,Thursday,3,9,2,February,1,2024,0
2024-03-01,495,23202.1,46.87292929292929,13638.52,2024-03-01,Friday,4,9,3,March,1,2024,0
2024-03-02,343,15786.3,46.02419825072886,9312.97,2024-03-02,Saturday,5,9,3,March,1,2024,1
2024-03-03,350,16307.7,46.593428571428575,9545.47,2024-03-03,Sunday,6,9,3,March,1,2024,1
2024-03-04,463,21461.2,46.3524838012959,12713.99,2024-03-04,Monday,0,10,3,March,1,2024,0
2024-03-05,471,21709.8,46.09299363057325,12734.710000000001,2024-03-05,Tuesday,1,10,3,March,1,2024,0
2024-03-06,498,23107.1,46.39979919678714,13613.03,2024-03-06,Wednesday,2,10,3,March,1,2024,0
2024-03-07,504,23259.9,46.15059523809524,13708.71,2024-03-07,Thursday,3,10,3,March,1,2024,0
2024-03-08,488,22377.9,45.8563524590164,13217.33,2024-03-08,Friday,4,10,3,March,1,2024,0
2024-03-09,360,16862.0,46.83888888888889,9819.61,2024-03-09,Saturday,5,10,3,March,1,2024,1
2024-03-10,350,15913.4,45.466857142857144,9339.81,2024-03-10,Sunday,6,10,3,March,1,2024,1
2024-03-11,489,22586.1,46.188343558282206,13384.35,2024-03-11,Monday,0,11,3,March,1,2024,0
2024-03-12,528,24380.5,46.17518939393939,14373.42,2024-03-12,Tuesday,1,11,3,March,1,2024,0
2024-03-13,488,22762.4,46.64426229508197,13369.49,2024-03-13,Wednesday,2,11,3,March,1,2024,0
2024-03-14,473,22570.4,47.717547568710366,13185.07,2024-03-14,Thursday,3,11,3,March,1,2024,0
2024-03-15,486,22424.4,46.140740740740746,13170.23,2024-03-15,Friday,4,11,3,March,1,2024,0
2024-03-16,328,15081.5,45.980182926829265,8823.24,2024-03-16,Saturday,5,11,3,March,1,2024,1
2024-03-17,344,15472.6,44.978488372093025,9124.67,2024-03-17,Sunday,6,11,3,March,1,2024,1
2024-03-18,488,22606.6,46.324999999999996,13268.09,2024-03-18,Monday,0,12,3,March,1,2024,0
2024-03-19,489,22723.0,46.46830265848671,13343.76,2024-03-19,Tuesday,1,12,3,March,1,2024,0
2024-03-20,500,23387.2,46.7744,13781.44,2024-03-20,Wednesday,2,12,3,March,1,2024,0
2024-03-21,501,23061.5,46.03093812375249,13607.96,2024-03-21,Thursday,3,12,3,March,1,2024,0
2024-03-22,519,23921.5,46.091522157996145,14020.51,2024-03-22,Friday,4,12,3,March,1,2024,0
2024-03-23,345,15726.5,45.584057971014495,9235.57,2024-03-23,Saturday,5,12,3,March,1,2024,1
2024-03-24,375,17535.7,46.76186666666667,10356.21,2024-03-24,Sunday,6,12,3,March,1,2024,1
2024-03-25,467,21050.0,45.07494646680942,12390.21,2024-03-25,Monday,0,13,3,March,1,2024,0
2024-03-26,487,22462.2,46.12361396303901,13216.77,2024-03-26,Tuesday,1,13,3,March,1,2024,0
2024-03-27,493,22837.3,46.32312373225152,13439.81,2024-03-27,Wednesday,2,13,3,March,1,2024,0
2024-03-28,519,24410.7,47.034104046242774,14347.07,2024-03-28,Thursday,3,13,3,March,1,2024,0
2024-03-29,504,22795.9,45.22996031746032,13333.64,2024-03-29,Friday,4,13,3,March,1,2024,0
2024-03-30,376,17147.8,45.60585106382978,10095.59,2024-03-30,Saturday,5,13,3,March,1,2024,1
2024-03-31,359,16846.5,46.92618384401114,9835.92,2024-03-31,Sunday,6,13,3,March,1,2024,1
2024-04-01,483,22145.9,45.85072463768116,12925.14,2024-04-01,Monday,0,14,4,April,2,2024,0
2024-04-02,481,22627.2,47.04199584199584,13437.63,2024-04-02,Tuesday,1,14,4,April,2,2024,0
2024-04-03,483,22160.8,45.881573498964805,13087.91,2024-04-03,Wednesday,2,14,4,April,2,2024,0
2024-04-04,488,22699.1,46.51454918032787,13397.54,2024-04-04,Thursday,3,14,4,April,2,2024,0
2024-04-05,492,22572.6,45.87926829268292,13287.39,2024-04-05,Friday,4,14,4,April,2,2024,0
2024-04-06,345,16407.2,47.557101449275365,9676.85,2024-04-06,Saturday,5,14,4,April,2,2024,1
2024-04-07,353,16364.9,46.359490084985836,9657.73,2024-04-07,Sunday,6,14,4,April,2,2024,1
2024-04-08,494,22843.4,46.2417004048583,13370.93,2024-04-08,Monday,0,15,4,April,2,2024,0
2024-04-09,489,23091.9,47.22269938650307,13574.69,2024-04-09,Tuesday,1,15,4,April,2,2024,0
2024-04-10,490,22437.4,45.790612244897964,13232.58,2024-04-10,Wednesday,2,15,4,April,2,2024,0
2024-04-11,514,24239.2,47.1579766536965,14206.92,2024-04-11,Thursday,3,15,4,April,2,2024,0
2024-04-12,491,23070.0,46.985743380855396,13498.01,2024-04-12,Friday,4,15,4,April,2,2024,0
2024-04-13,337,15571.7,46.20682492581603,9170.86,2024-04-13,Saturday,5,15,4,April,2,2024,1
2024-04-14,350,16616.8,47.476571428571425,9716.31,2024-04-14,Sunday,6,15,4,April,2,2024,1
2024-04-15,491,23032.7,46.909775967413445,13507.03,2024-04-15,Monday,0,16,4,April,2,2024,0
2024-04-16,505,22784.6,45.118019801980196,13409.22,2024-04-16,Tuesday,1,16,4,April,2,2024,0
2024-04-17,450,20493.1,45.54022222222222,12053.0,2024-04-17,Wednesday,2,16,4,April,2,2024,0
2024-04-18,501,23319.5,46.54590818363273,13669.53,2024-04-18,Thursday,3,16,4,April,2,2024,0
2024-04-19,536,24372.0,45.47014925373134,14415.41,2024-04-19,Friday,4,16,4,April,2,2024,0
2024-04-20,374,17033.1,45.54304812834224,9925.58,2024-04-20,Saturday,5,16,4,April,2,2024,1
2024-04-21,333,15220.5,45.707207207207205,8958.61,2024-04-21,Sunday,6,16,4,April,2,2024,1
2024-04-22,484,22202.4,45.872727272727275,13048.32,2024-04-22,Monday,0,17,4,April,2,2024,0
2024-04-23,519,24324.8,46.86859344894027,14286.87,2024-04-23,Tuesday,1,17,4,April,2,2024,0
2024-04-24,502,23163.4,46.14223107569721,13665.27,2024-04-24,Wednesday,2,17,4,April,2,2024,0
2024-04-25,505,23330.5,46.1990099009901,13673.63,2024-04-25,Thursday,3,17,4,April,2,2024,0
2024-04-26,479,22780.6,47.558663883089764,13398.57,2024-04-26,Friday,4,17,4,April,2,2024,0
2024-04-27,376,17070.3,45.39973404255319,10059.56,2024-04-27,Saturday,5,17,4,April,2,2024,1
2024-04-28,370,17296.4,46.74702702702703,10123.15,2024-04-28,Sunday,6,17,4,April,2,2024,1
2024-04-29,482,21848.8,45.32946058091286,12976.72,2024-04-29,Monday,0,18,4,April,2,2024,0
2024-04-30,504,22915.6,45.467460317460315,13326.57,2024-04-30,Tuesday,1,18,4,April,2,2024,0
2024-05-01,497,22690.9,45.65573440643863,13347.41,2024-05-01,Wednesday,2,18,5,May,2,2024,0
2024-05-02,505,23794.1,47.11702970297029,14088.88,2024-05-02,Thursday,3,18,5,May,2,2024,0
2024-05-03,485,22885.4,47.18639175257732,13525.26,2024-05-03,Friday,4,18,5,May,2,2024,0
2024-05-04,362,16850.4,46.54806629834255,9933.76,2024-05-04,Saturday,5,18,5,May,2,2024,1
2024-05-05,349,16034.6,45.944412607449856,9360.1,2024-05-05,Sunday,6,18,5,May,2,2024,1
2024-05-06,504,22962.8,45.56111111111111,13479.22,2024-05-06,Monday,0,19,5,May,2,2024,0
2024-05-07,479,22045.9,46.02484342379959,12823.64,2024-05-07,Tuesday,1,19,5,May,2,2024,0
2024-05-08,513,24421.7,47.6056530214425,14400.19,2024-05-08,Wednesday,2,19,5,May,2,2024,0
2024-05-09,515,24152.3,46.89766990291262,14287.76,2024-05-09,Thursday,3,19,5,May,2,2024,0
2024-05-10,471,21684.2,46.03864118895966,12730.88,2024-05-10,Friday,4,19,5,May,2,2024,0
2024-05-11,373,17173.4,46.041286863270784,10105.22,2024-05-11,Saturday,5,19,5,May,2,2024,1
2024-05-12,370,17090.1,46.18945945945946,10092.47,2024-05-12,Sunday,6,19,5,May,2,2024,1
2024-05-13,505,23923.4,47.373069306930695,14107.71,2024-05-13,Monday,0,20,5,May,2,2024,0
2024-05-14,441,20646.6,46.81768707482993,12156.24,2024-05-14,Tuesday,1,20,5,May,2,2024,0
2024-05-15,514,23977.1,46.64805447470817,14084.87,2024-05-15,Wednesday,2,20,5,May,2,2024,0
2024-05-16,492,23004.2,46.75650406504065,13502.03,2024-05-16,Thursday,3,20,5,May,2,2024,0
2024-05-17,494,23051.6,46.66315789473684,13555.11,2024-05-17,Friday,4,20,5,May,2,2024,0
2024-05-18,382,17157.7,44.91544502617801,10144.88,2024-05-18,Saturday,5,20,5,May,2,2024,1
2024-05-19,380,17654.5,46.459210526315786,10473.68,2024-05-19,Sunday,6,20,5,May,2,2024,1
2024-05-20,508,23268.5,45.80413385826772,13576.24,2024-05-20,Monday,0,21,5,May,2,2024,0
2024-05-21,516,23738.7,46.00523255813954,14021.93,2024-05-21,Tuesday,1,21,5,May,2,2024,0
2024-05-22,493,22733.4,46.11237322515213,13318.76,2024-05-22,Wednesday,2,21,5,May,2,2024,0
2024-05-23,487,22096.8,45.37330595482546,13000.32,2024-05-23,Thursday,3,21,5,May,2,2024,0
2024-05-24,510,23255.8,45.59960784313726,13720.68,2024-05-24,Friday,4,21,5,May,2,2024,0
2024-05-25,368,17397.1,47.27472826086956,10251.13,2024-05-25,Saturday,5,21,5,May,2,2024,1
2024-05-26,376,17489.1,46.51356382978723,10312.47,2024-05-26,Sunday,6,21,5,May,2,2024,1
2024-05-27,488,22495.2,46.09672131147541,13193.98,2024-05-27,Monday,0,22,5,May,2,2024,0
2024-05-28,483,22991.0,47.60041407867495,13485.47,2024-05-28,Tuesday,1,22,5,May,2,2024,0
2024-05-29,518,23567.2,45.4965250965251,13980.43,2024-05-29,Wednesday,2,22,5,May,2,2024,0
2024-05-30,466,21432.2,45.99184549356223,12509.39,2024-05-30,Thursday,3,22,5,May,2,2024,0
2024-05-31,461,21858.8,47.41605206073753,12942.86,2024-05-31,Friday,4,22,5,May,2,2024,0
2024-06-01,364,16956.1,46.582692307692305,9953.75,2024-06-01,Saturday,5,22,6,June,2,2024,1
2024-06-02,372,17750.2,47.715591397849465,10397.98,2024-06-02,Sunday,6,22,6,June,2,2024,1
2024-06-03,519,23801.8,45.860886319845854,14049.25,2024-06-03,Monday,0,23,6,June,2,2024,0
2024-06-04,484,22485.1,46.45681818181818,13189.27,2024-06-04,Tuesday,1,23,6,June,2,2024,0
2024-06-05,529,24651.4,46.6,14510.02,2024-06-05,Wednesday,2,23,6,June,2,2024,0
2024-06-06,499,23188.5,46.46993987975952,13656.49,2024-06-06,Thursday,3,23,6,June,2,2024,0
2024-06-07,549,25543.1,46.526593806921674,15076.17,2024-06-07,Friday,4,23,6,June,2,2024,0
2024-06-08,360,16869.3,46.85916666666667,9949.08,2024-06-08,Saturday,5,23,6,June,2,2024,1
2024-06-09,351,16391.4,46.6991452991453,9725.62,2024-06-09,Sunday,6,23,6,June,2,2024,1
2024-06-10,508,23307.8,45.88149606299213,13687.16,2024-06-10,Monday,0,24,6,June,2,2024,0
2024-06-11,466,21391.1,45.903648068669526,12571.81,2024-06-11,Tuesday,1,24,6,June,2,2024,0
2024-06-12,502,22866.8,45.55139442231076,13553.99,2024-06-12,Wednesday,2,24,6,June,2,2024,0
2024-06-13,500,23453.9,46.9078,13850.34,2024-06-13,Thursday,3,24,6,June,2,2024,0
2024-06-14,490,22923.4,46.78244897959184,13485.25,2024-06-14,Friday,4,24,6,June,2,2024,0
2024-06-15,379,17887.5,47.196569920844325,10524.99,2024-06-15,Saturday,5,24,6,June,2,2024,1
2024-06-16,368,17673.6,48.02608695652174,10395.76,2024-06-16,Sunday,6,24,6,June,2,2024,1
2024-06-17,474,22375.5,47.20569620253165,13152.44,2024-06-17,Monday,0,25,6,June,2,2024,0
2024-06-18,487,23072.7,47.37720739219713,13700.16,2024-06-18,Tuesday,1,25,6,June,2,2024,0
2024-06-19,480,21733.5,45.278125,12828.68,2024-06-19,Wednesday,2,25,6,June,2,2024,0
2024-06-20,508,24090.3,47.42185039370079,14148.69,2024-06-20,Thursday,3,25,6,June,2,2024,0
2024-06-21,501,23902.3,47.70918163672655,14078.01,2024-06-21,Friday,4,25,6,June,2,2024,0
2024-06-22,372,17093.1,45.94919354838709,10041.26,2024-06-22,Saturday,5,25,6,June,2,2024,1
2024-06-23,369,16852.9,45.671815718157184,9953.27,2024-06-23,Sunday,6,25,6,June,2,2024,1
2024-06-24,509,24151.3,47.44852652259332,14212.0,2024-06-24,Monday,0,26,6,June,2,2024,0
2024-06-25,487,22582.0,46.369609856262834,13202.89,2024-06-25,Tuesday,1,26,6,June,2,2024,0
2024-06-26,471,21568.1,45.79214437367303,12647.65,2024-06-26,Wednesday,2,26,6,June,2,2024,0
2024-06-27,487,21792.9,44.74928131416838,12753.35,2024-06-27,Thursday,3,26,6,June,2,2024,0
2024-06-28,483,22574.2,46.737474120082815,13250.97,2024-06-28,Friday,4,26,6,June,2,2024,0
2024-06-29,377,17411.6,46.184615384615384,10231.21,2024-06-29,Saturday,5,26,6,June,2,2024,1
2024-06-30,361,17089.0,47.337950138504155,10052.5,2024-06-30,Sunday,6,26,6,June,2,2024,1
2024-07-01,490,23195.4,47.33755102040816,13602.84,2024-07-01,Monday,0,27,7,July,3,2024,0
2024-07-02,462,21642.9,46.8461038961039,12661.96,2024-07-02,Tuesday,1,27,7,July,3,2024,0
2024-07-03,511,23593.4,46.17103718199609,13891.72,2024-07-03,Wednesday,2,27,7,July,3,2024,0
2024-07-04,487,22917.0,47.05749486652977,13514.31,2024-07-04,Thursday,3,27,7,July,3,2024,0
2024-07-05,505,22785.0,45.118811881188115,13364.13,2024-07-05,Friday,4,27,7,July,3,2024,0
2024-07-06,374,17343.2,46.37219251336899,10215.14,2024-07-06,Saturday,5,27,7,July,3,2024,1
2024-07-07,369,17468.2,47.33929539295393,10235.39,2024-07-07,Sunday,6,27,7,July,3,2024,1
2024-07-08,496,23314.7,47.0054435483871,13654.49,2024-07-08,Monday,0,28,7,July,3,2024,0
2024-07-09,479,21256.0,44.37578288100209,12555.71,2024-07-09,Tuesday,1,28,7,July,3,2024,0
2024-07-10,508,23888.3,47.024212598425194,14002.64,2024-07-10,Wednesday,2,28,7,July,3,2024,0
2024-07-11,480,21990.2,45.812916666666666,12856.42,2024-07-11,Thursday,3,28,7,July,3,2024,0
2024-07-12,525,24291.0,46.26857142857143,14300.22,2024-07-12,Friday,4,28,7,July,3,2024,0
2024-07-13,360,16706.4,46.40666666666667,9772.52,2024-07-13,Saturday,5,28,7,July,3,2024,1
2024-07-14,366,16703.8,45.63879781420765,9727.94,2024-07-14,Sunday,6,28,7,July,3,2024,1
2024-07-15,483,22419.3,46.416770186335405,13184.43,2024-07-15,Monday,0,29,7,July,3,2024,0
2024-07-16,477,22077.5,46.28406708595388,13066.52,2024-07-16,Tuesday,1,29,7,July,3,2024,0
2024-07-17,468,21472.6,45.88162393162393,12565.18,2024-07-17,Wednesday,2,29,7,July,3,2024,0
2024-07-18,480,21480.7,44.75145833333333,12596.14,2024-07-18,Thursday,3,29,7,July,3,2024,0
2024-07-19,467,21749.7,46.57323340471092,12775.06,2024-07-19,Friday,4,29,7,July,3,2024,0
2024-07-20,351,16494.7,46.993447293447296,9714.86,2024-07-20,Saturday,5,29,7,July,3,2024,1
2024-07-21,360,16680.2,46.33388888888889,9781.03,2024-07-21,Sunday,6,29,7,July,3,2024,1
2024-07-22,514,23927.7,46.55194552529183,14046.57,2024-07-22,Monday,0,30,7,July,3,2024,0
2024-07-23,501,23933.4,47.77125748502994,14030.9,2024-07-23,Tuesday,1,30,7,July,3,2024,0
2024-07-24,493,22691.3,46.026977687626776,13306.73,2024-07-24,Wednesday,2,30,7,July,3,2024,0
2024-07-25,503,23249.4,46.22147117296223,13661.36,2024-07-25,Thursday,3,30,7,July,3,2024,0
2024-07-26,461,20871.2,45.27375271149675,12193.84,2024-07-26,Friday,4,30,7,July,3,2024,0
2024-07-27,381,17511.1,45.96089238845144,10272.44,2024-07-27,Saturday,5,30,7,July,3,2024,1
2024-07-28,373,17780.4,47.668632707774805,10411.95,2024-07-28,Sunday,6,30,7,July,3,2024,1
2024-07-29,502,23230.6,46.276095617529876,13644.46,2024-07-29,Monday,0,31,7,July,3,2024,0
2024-07-30,475,21984.4,46.282947368421056,12952.65,2024-07-30,Tuesday,1,31,7,July,3,2024,0
2024-07-31,508,23187.7,45.64507874015748,13600.45,2024-07-31,Wednesday,2,31,7,July,3,2024,0
2024-08-01,500,22894.6,45.789199999999994,13459.93,2024-08-01,Thursday,3,31,8,August,3,2024,0
2024-08-02,520,24092.3,46.331346153846155,14188.2,2024-08-02,Friday,4,31,8,August,3,2024,0
2024-08-03,365,16834.0,46.12054794520548,9849.83,2024-08-03,Saturday,5,31,8,August,3,2024,1
2024-08-04,379,17453.6,46.051715039577836,10258.63,2024-08-04,Sunday,6,31,8,August,3,2024,1
2024-08-05,482,22731.2,47.16016597510374,13304.39,2024-08-05,Monday,0,32,8,August,3,2024,0
2024-08-06,482,22108.8,45.86887966804979,13033.75,2024-08-06,Tuesday,1,32,8,August,3,2024,0
2024-08-07,462,21767.2,47.11515151515152,12853.87,2024-08-07,Wednesday,2,32,8,August,3,2024,0
2024-08-08,501,23709.1,47.32355289421157,13999.51,2024-08-08,Thursday,3,32,8,August,3,2024,0
2024-08-09,498,22532.3,45.245582329317266,13279.8,2024-08-09,Friday,4,32,8,August,3,2024,0
2024-08-10,331,15210.8,45.95407854984894,8989.76,2024-08-10,Saturday,5,32,8,August,3,2024,1
2024-08-11,364,16546.6,45.457692307692305,9746.55,2024-08-11,Sunday,6,32,8,August,3,2024,1
2024-08-12,508,22703.2,44.69133858267717,13413.36,2024-08-12,Monday,0,33,8,August,3,2024,0
2024-08-13,493,22992.7,46.63833671399595,13575.54,2024-08-13,Tuesday,1,33,8,August,3,2024,0
2024-08-14,499,23104.6,46.301803607214424,13612.68,2024-08-14,Wednesday,2,33,8,August,3,2024,0
2024-08-15,495,22403.5,45.25959595959596,13120.59,2024-08-15,Thursday,3,33,8,August,3,2024,0
2024-08-16,471,21709.5,46.09235668789809,12738.79,2024-08-16,Friday,4,33,8,August,3,2024,0
2024-08-17,348,16442.8,47.24942528735632,9565.35,2024-08-17,Saturday,5,33,8,August,3,2024,1
2024-08-18,366,17599.0,48.08469945355191,10391.51,2024-08-18,Sunday,6,33,8,August,3,2024,1
2024-08-19,502,23132.9,46.08147410358566,13613.66,2024-08-19,Monday,0,34,8,August,3,2024,0
2024-08-20,489,22735.8,46.49447852760736,13411.11,2024-08-20,Tuesday,1,34,8,August,3,2024,0
2024-08-21,490,22906.5,46.74795918367347,13535.52,2024-08-21,Wednesday,2,34,8,August,3,2024,0
2024-08-22,486,22772.3,46.85658436213992,13497.82,2024-08-22,Thursday,3,34,8,August,3,2024,0
2024-08-23,494,23048.7,46.65728744939271,13529.6,2024-08-23,Friday,4,34,8,August,3,2024,0
2024-08-24,347,16288.1,46.93976945244957,9563.6,2024-08-24,Saturday,5,34,8,August,3,2024,1
2024-08-25,352,16438.3,46.699715909090905,9572.09,2024-08-25,Sunday,6,34,8,August,3,2024,1
2024-08-26,514,24503.9,47.672957198443584,14310.73,2024-08-26,Monday,0,35,8,August,3,2024,0
2024-08-27,491,22413.8,45.649287169042765,13153.34,2024-08-27,Tuesday,1,35,8,August,3,2024,0
2024-08-28,490,22639.1,46.20224489795918,13415.65,2024-08-28,Wednesday,2,35,8,August,3,2024,0
2024-08-29,466,21402.9,45.92896995708155,12565.91,2024-08-29,Thursday,3,35,8,August,3,2024,0
2024-08-30,492,22552.2,45.83780487804878,13231.53,2024-08-30,Friday,4,35,8,August,3,2024,0
2024-08-31,360,15876.1,44.10027777777778,9284.61,2024-08-31,Saturday,5,35,8,August,3,2024,1
2024-09-01,329,15457.7,46.9838905775076,9150.76,2024-09-01,Sunday,6,35,9,September,3,2024,1
2024-09-02,502,23332.2,46.47848605577689,13600.16,2024-09-02,Monday,0,36,9,September,3,2024,0
2024-09-03,526,25307.6,48.11330798479087,14902.05,2024-09-03,Tuesday,1,36,9,September,3,2024,0
2024-09-04,459,21808.4,47.512854030501096,12900.0,2024-09-04,Wednesday,2,36,9,September,3,2024,0
2024-09-05,473,21950.1,46.4061310782241,12936.79,2024-09-05,Thursday,3,36,9,September,3,2024,0
2024-09-06,487,22871.4,46.96386036960986,13402.79,2024-09-06,Friday,4,36,9,September,3,2024,0
2024-09-07,372,17723.1,47.64274193548387,10448.83,2024-09-07,Saturday,5,36,9,September,3,2024,1
2024-09-08,376,17466.5,46.453457446808514,10295.05,2024-09-08,Sunday,6,36,9,September,3,2024,1
2024-09-09,488,22628.5,46.369877049180324,13309.87,2024-09-09,Monday,0,37,9,September,3,2024,0
2024-09-10,504,22846.6,45.330555555555556,13487.13,2024-09-10,Tuesday,1,37,9,September,3,2024,0
2024-09-11,469,21847.3,46.58272921108742,12839.28,2024-09-11,Wednesday,2,37,9,September,3,2024,0
2024-09-12,502,24008.8,47.82629482071713,14137.08,2024-09-12,Thursday,3,37,9,September,3,2024,0
2024-09-13,495,23613.3,47.70363636363636,13851.96,2024-09-13,Friday,4,37,9,September,3,2024,0
2024-09-14,369,16820.5,45.5840108401084,9806.37,2024-09-14,Saturday,5,37,9,September,3,2024,1
2024-09-15,363,17091.6,47.08429752066115,10045.86,2024-09-15,Sunday,6,37,9,September,3,2024,1
2024-09-16,459,21116.0,46.00435729847494,12459.32,2024-09-16,Monday,0,38,9,September,3,2024,0
2024-09-17,504,23412.9,46.45416666666667,13807.81,2024-09-17,Tuesday,1,38,9,September,3,2024,0
2024-09-18,469,21750.9,46.3771855010661,12805.76,2024-09-18,Wednesday,2,38,9,September,3,2024,0
2024-09-19,477,21793.0,45.687631027253666,12811.52,2024-09-19,Thursday,3,38,9,September,3,2024,0
2024-09-20,500,23469.5,46.939,13724.25,2024-09-20,Friday,4,38,9,September,3,2024,0
2024-09-21,355,16293.3,45.89661971830986,9491.14,2024-09-21,Saturday,5,38,9,September,3,2024,1
2024-09-22,347,16533.3,47.646397694524495,9806.14,2024-09-22,Sunday,6,38,9,September,3,2024,1
2024-09-23,494,22801.1,46.15607287449392,13466.75,2024-09-23,Monday,0,39,9,September,3,2024,0
2024-09-24,494,22995.1,46.54878542510121,13509.94,2024-09-24,Tuesday,1,39,9,September,3,2024,0
2024-09-25,500,23270.6,46.541199999999996,13648.35,2024-09-25,Wednesday,2,39,9,September,3,2024,0
2024-09-26,503,22895.8,45.51848906560636,13446.48,2024-09-26,Thursday,3,39,9,September,3,2024,0
2024-09-27,512,23726.1,46.3400390625,13884.55,2024-09-27,Friday,4,39,9,September,3,2024,0
2024-09-28,350,16551.9,47.29114285714286,9770.29,2024-09-28,Saturday,5,39,9,September,3,2024,1
2024-09-29,375,17170.6,45.788266666666665,10091.43,2024-09-29,Sunday,6,39,9,September,3,2024,1
2024-09-30,478,21303.6,44.56820083682008,12578.16,2024-09-30,Monday,0,40,9,September,3,2024,0
2024-10-01,560,25668.7,45.83696428571429,15087.29,2024-10-01,Tuesday,1,40,10,October,4,2024,0
2024-10-02,511,23491.4,45.971428571428575,13742.3,2024-10-02,Wednesday,2,40,10,October,4,2024,0
2024-10-03,470,21220.4,45.149787234042556,12467.49,2024-10-03,Thursday,3,40,10,October,4,2024,0
2024-10-04,498,23590.9,47.37128514056225,13943.25,2024-10-04,Friday,4,40,10,October,4,2024,0
2024-10-05,366,16640.2,45.465027322404374,9697.5,2024-10-05,Saturday,5,40,10,October,4,2024,1
2024-10-06,346,15796.8,45.655491329479766,9306.21,2024-10-06,Sunday,6,40,10,October,4,2024,1
2024-10-07,491,22704.1,46.24052953156823,13364.2,2024-10-07,Monday,0,41,10,October,4,2024,0
2024-10-08,497,22774.6,45.82414486921529,13408.36,2024-10-08,Tuesday,1,41,10,October,4,2024,0
2024-10-09,493,22690.9,46.02616632860041,13366.87,2024-10-09,Wednesday,2,41,10,October,4,2024,0
2024-10-10,540,24694.1,45.72981481481481,14511.15,2024-10-10,Thursday,3,41,10,October,4,2024,0
2024-10-11,486,22716.4,46.741563786008236,13272.05,2024-10-11,Friday,4,41,10,October,4,2024,0
2024-10-12,355,16432.6,46.28901408450704,9711.11,2024-10-12,Saturday,5,41,10,October,4,2024,1
2024-10-13,382,17950.6,46.991099476439786,10569.48,2024-10-13,Sunday,6,41,10,October,4,2024,1
2024-10-14,503,22825.9,45.379522862823066,13456.88,2024-10-14,Monday,0,42,10,October,4,2024,0
2024-10-15,478,22092.2,46.217991631799165,12992.96,2024-10-15,Tuesday,1,42,10,October,4,2024,0
2024-10-16,512,24508.5,47.8681640625,14448.6,2024-10-16,Wednesday,2,42,10,October,4,2024,0
2024-10-17,528,24407.1,46.225568181818176,14358.14,2024-10-17,Thursday,3,42,10,October,4,2024,0
2024-10-18,481,22122.0,45.99168399168399,13046.58,2024-10-18,Friday,4,42,10,October,4,2024,0
2024-10-19,370,17356.6,46.909729729729726,10138.5,2024-10-19,Saturday,5,42,10,October,4,2024,1
2024-10-20,361,16747.3,46.39141274238227,9761.67,2024-10-20,Sunday,6,42,10,October,4,2024,1
2024-10-21,458,20914.2,45.66419213973799,12279.91,2024-10-21,Monday,0,43,10,October,4,2024,0
2024-10-22,472,21891.8,46.380932203389825,12857.01,2024-10-22,Tuesday,1,43,10,October,4,2024,0
2024-10-23,500,23819.0,47.638,13896.97,2024-10-23,Wednesday,2,43,10,October,4,2024,0
2024-10-24,498,22821.7,45.82670682730924,13514.3,2024-10-24,Thursday,3,43,10,October,4,2024,0
2024-10-25,522,24430.7,46.80210727969349,14373.710000000001,2024-10-25,Friday,4,43,10,October,4,2024,0
2024-10-26,349,15611.9,44.73323782234957,9154.03,2024-10-26,Saturday,5,43,10,October,4,2024,1
2024-10-27,344,15736.1,45.744476744186045,9211.09,2024-10-27,Sunday,6,43,10,October,4,2024,1
2024-10-28,500,23545.4,47.0908,13756.67,2024-10-28,Monday,0,44,10,October,4,2024,0
2024-10-29,491,22027.3,44.86211812627291,12833.23,2024-10-29,Tuesday,1,44,10,October,4,2024,0
2024-10-30,540,24916.0,46.14074074074074,14740.54,2024-10-30,Wednesday,2,44,10,October,4,2024,0
2024-10-31,452,21155.7,46.80464601769911,12396.039999999999,2024-10-31,Thursday,3,44,10,October,4,2024,0
2024-11-01,514,23158.5,45.05544747081712,13670.53,2024-11-01,Friday,4,44,11,November,4,2024,0
2024-11-02,372,17329.8,46.58548387096774,10165.39,2024-11-02,Saturday,5,44,11,November,4,2024,1
2024-11-03,377,17520.7,46.47400530503979,10311.64,2024-11-03,Sunday,6,44,11,November,4,2024,1
2024-11-04,487,22487.2,46.17494866529774,13180.81,2024-11-04,Monday,0,45,11,November,4,2024,0
2024-11-05,494,22765.5,46.08400809716599,13334.63,2024-11-05,Tuesday,1,45,11,November,4,2024,0
2024-11-06,476,21937.2,46.08655462184874,12936.85,2024-11-06,Wednesday,2,45,11,November,4,2024,0
2024-11-07,535,23988.0,44.837383177570096,14116.35,2024-11-07,Thursday,3,45,11,November,4,2024,0
2024-11-08,511,23320.9,45.63776908023484,13740.22,2024-11-08,Friday,4,45,11,November,4,2024,0
2024-11-09,364,16768.8,46.068131868131864,9838.49,2024-11-09,Saturday,5,45,11,November,4,2024,1
2024-11-10,357,16090.4,45.07114845938375,9474.59,2024-11-10,Sunday,6,45,11,November,4,2024,1
2024-11-11,472,21678.6,45.92923728813559,12656.34,2024-11-11,Monday,0,46,11,November,4,2024,0
2024-11-12,492,22755.4,46.25081300813009,13356.18,2024-11-12,Tuesday,1,46,11,November,4,2024,0
2024-11-13,511,23919.6,46.80939334637964,14059.55,2024-11-13,Wednesday,2,46,11,November,4,2024,0
2024-11-14,447,21221.7,47.4758389261745,12468.26,2024-11-14,Thursday,3,46,11,November,4,2024,0
2024-11-15,516,23812.7,46.14864341085271,13916.89,2024-11-15,Friday,4,46,11,November,4,2024,0
2024-11-16,364,16913.7,46.46620879120879,10015.96,2024-11-16,Saturday,5,46,11,November,4,2024,1
2024-11-17,374,17466.6,46.70213903743315,10251.14,2024-11-17,Sunday,6,46,11,November,4,2024,1
2024-11-18,501,23214.1,46.335528942115765,13533.33,2024-11-18,Monday,0,47,11,November,4,2024,0
2024-11-19,478,21558.9,45.10230125523013,12578.6,2024-11-19,Tuesday,1,47,11,November,4,2024,0
2024-11-20,497,23433.5,47.14989939637827,13639.92,2024-11-20,Wednesday,2,47,11,November,4,2024,0
2024-11-21,499,22821.3,45.73406813627254,13396.52,2024-11-21,Thursday,3,47,11,November,4,2024,0
2024-11-22,476,21763.5,45.721638655462186,12827.61,2024-11-22,Friday,4,47,11,November,4,2024,0
2024-11-23,347,16025.1,46.18184438040346,9444.52,2024-11-23,Saturday,5,47,11,November,4,2024,1
2024-11-24,372,17233.9,46.32768817204301,10073.7,2024-11-24,Sunday,6,47,11,November,4,2024,1
2024-11-25,460,21753.4,47.290000000000006,12763.08,2024-11-25,Monday,0,48,11,November,4,2024,0
2024-11-26,513,23696.7,46.19239766081871,14057.37,2024-11-26,Tuesday,1,48,11,November,4,2024,0
2024-11-27,508,23310.6,45.887007874015744,13621.35,2024-11-27,Wednesday,2,48,11,November,4,2024,0
2024-11-28,459,21066.3,45.896078431372544,12351.0,2024-11-28,Thursday,3,48,11,November,4,2024,0
2024-11-29,520,24038.6,46.22807692307692,14143.77,2024-11-29,Friday,4,48,11,November,4,2024,0
2024-11-30,388,18258.5,47.05798969072165,10738.89,2024-11-30,Saturday,5,48,11,November,4,2024,1
2024-12-01,332,15309.6,46.1132530120482,9040.51,2024-12-01,Sunday,6,48,12,December,4,2024,1
2024-12-02,469,21100.0,44.989339019189764,12391.41,2024-12-02,Monday,0,49,12,December,4,2024,0
2024-12-03,484,22268.6,46.0095041322314,13092.63,2024-12-03,Tuesday,1,49,12,December,4,2024,0
2024-12-04,478,22812.9,47.725732217573224,13463.66,2024-12-04,Wednesday,2,49,12,December,4,2024,0
2024-12-05,491,22992.8,46.828513238289204,13577.22,2024-12-05,Thursday,3,49,12,December,4,2024,0
2024-12-06,506,23638.7,46.71679841897233,13948.41,2024-12-06,Friday,4,49,12,December,4,2024,0
2024-12-07,373,17359.9,46.541286863270784,10234.51,2024-12-07,Saturday,5,49,12,December,4,2024,1
2024-12-08,361,16525.0,45.77562326869806,9673.46,2024-12-08,Sunday,6,49,12,December,4,2024,1
2024-12-09,520,23838.7,45.84365384615385,13908.85,2024-12-09,Monday,0,50,12,December,4,2024,0
2024-12-10,543,25580.0,47.10865561694291,15097.38,2024-12-10,Tuesday,1,50,12,December,4,2024,0
2024-12-11,484,23164.4,47.8603305785124,13654.37,2024-12-11,Wednesday,2,50,12,December,4,2024,0
2024-12-12,490,22165.7,45.23612244897959,13077.36,2024-12-12,Thursday,3,50,12,December,4,2024,0
2024-12-13,475,22073.2,46.46989473684211,13060.1,2024-12-13,Friday,4,50,12,December,4,2024,0
2024-12-14,370,17077.8,46.156216216216215,10047.23,2024-12-14,Saturday,5,50,12,December,4,2024,1
2024-12-15,352,16321.5,46.36789772727273,9587.37,2024-12-15,Sunday,6,50,12,December,4,2024,1
2024-12-16,498,22719.6,45.62168674698795,13371.53,2024-12-16,Monday,0,51,12,December,4,2024,0
2024-12-17,529,24408.6,46.14102079395085,14261.57,2024-12-17,Tuesday,1,51,12,December,4,2024,0
2024-12-18,513,23535.3,45.87777777777777,13763.62,2024-12-18,Wednesday,2,51,12,December,4,2024,0
2024-12-19,497,23021.7,46.321327967806845,13550.54,2024-12-19,Thursday,3,51,12,December,4,2024,0
2024-12-20,514,23774.1,46.253112840466926,13963.63,2024-12-20,Friday,4,51,12,December,4,2024,0
2024-12-21,360,16894.4,46.92888888888889,9932.1,2024-12-21,Saturday,5,51,12,December,4,2024,1
2024-12-22,366,16880.9,46.12267759562842,9946.75,2024-12-22,Sunday,6,51,12,December,4,2024,1
2024-12-23,491,23081.4,47.00896130346232,13564.88,2024-12-23,Monday,0,52,12,December,4,2024,0
2024-12-24,528,24009.6,45.47272727272727,14124.56,2024-12-24,Tuesday,1,52,12,December,4,2024,0
2024-12-25,495,22600.2,45.656969696969696,13164.64,2024-12-25,Wednesday,2,52,12,December,4,2024,0
2024-12-26,474,22254.9,46.95126582278481,13060.18,2024-12-26,Thursday,3,52,12,December,4,2024,0
2024-12-27,495,22772.2,46.004444444444445,13404.83,2024-12-27,Friday,4,52,12,December,4,2024,0
2024-12-28,371,17716.9,47.7544474393531,10427.3,2024-12-28,Saturday,5,52,12,December,4,2024,1
2024-12-29,369,17021.1,46.12764227642276,9983.71,2024-12-29,Sunday,6,52,12,December,4,2024,1
2024-12-30,496,22151.2,44.65967741935484,13024.44,2024-12-30,Monday,0,1,12,December,4,2024,0
2024-12-31,525,24560.6,46.78209523809524,14444.92,2024-12-31,Tuesday,1,1,12,December,4,2024,0
