date,forecast_energy_kwh,trend_component_kwh
2025-01-01,25036.342135880644,23041.268771622832
2025-01-02,25187.595296568015,23060.306234068015
2025-01-03,24776.523506083515,23079.343696513202
2025-01-04,23305.132990013077,23098.38115895839
2025-01-05,23292.045070988537,23117.418621403576
2025-01-06,25108.6498094347,23136.456083848763
2025-01-07,24923.571060942388,23155.49354629395
2025-01-08,25209.486819286012,23174.531008739137
2025-01-09,25099.039784660887,23193.568471184324
2025-01-10,25345.96726175451,23212.60593362951
2025-01-11,23011.16144722216,23231.643396074698
2025-01-12,22855.39060583434,23250.680858519885
2025-01-13,24879.61639225413,23269.71832096507
2025-01-14,25072.065231652443,23288.755783410255
2025-01-15,25036.498812261692,23307.793245855442
2025-01-16,25039.986714160004,23326.83070830063
2025-01-17,25065.61926937863,23345.868170745816
2025-01-18,23035.16430018319,23364.905633191003
2025-01-19,22975.764476251425,23383.94309563619
2025-01-20,24980.57540671419,23402.980558081377
2025-01-21,25309.120193378127,23422.018020526564
2025-01-22,25166.56317340144,23441.05548297175
2025-01-23,25696.769947370063,23460.092945416938
2025-01-24,25348.837561182434,23479.13040786212
2025-01-25,23140.18230512176,23498.16787030731
2025-01-26,23022.647257801324,23517.205332752495
2025-01-27,25305.63280984612,23536.242795197682
2025-01-28,25429.102157056932,23555.28025764287
2025-01-29,25267.66317907243,23574.317720088056
2025-01-30,25741.348834876993,23593.355182533243
